State Codes,County Codes,County Names,County Census Area
01,029,Cleburne,560.1
01,031,Coffee,678.972
01,037,Coosa,650.926
01,039,Covington,1030.456
01,041,Crenshaw,608.84
01,045,Dale,561.15
01,049,DeKalb,777.093
01,053,Escambia,945.08
01,057,Fayette,627.66
01,061,Geneva,574.408
01,067,Henry,561.75
01,075,Lamar,604.846
01,077,Lauderdale,667.697
01,079,Lawrence,690.678
01,001,Autauga,594.436
01,003,Baldwin,1589.784
01,005,Barbour,884.876
01,007,Bibb,622.582
01,009,Blount,644.776
01,011,Bullock,622.805
01,023,Choctaw,913.5
01,025,Clarke,1238.465
01,027,Clay,603.961
01,033,Colbert,592.619
01,035,Conecuh,850.156
01,043,Cullman,734.841
01,047,Dallas,978.695
01,051,Elmore,618.485
01,055,Etowah,534.991
01,059,Franklin,633.821
01,063,Greene,647.11
01,065,Hale,643.943
01,071,Jackson,1077.868
01,073,Jefferson,1111.276
01,085,Lowndes,715.911
01,087,Macon,608.885
01,089,Madison,801.593
01,091,Marengo,976.882
01,095,Marshall,565.842
01,097,Mobile,1229.435
01,099,Monroe,1025.675
01,107,Pickens,881.408
01,109,Pike,672.094
01,113,Russell,641.14
01,115,St. Clair,631.902
01,117,Shelby,784.93
01,119,Sumter,903.887
01,121,Talladega,736.775
01,129,Washington,1080.207
01,131,Wilcox,888.498
01,013,Butler,776.829
01,015,Calhoun,605.868
01,017,Chambers,596.531
01,019,Cherokee,553.7
01,021,Chilton,692.854
01,123,Tallapoosa,716.521
01,125,Tuscaloosa,1321.755
01,127,Walker,791.192
01,133,Winston,612.979
01,101,Montgomery,784.247
01,069,Houston,579.824
01,081,Lee,607.536
01,083,Limestone,559.936
01,093,Marion,742.292
01,103,Morgan,579.337
01,105,Perry,719.664
01,111,Randolph,580.55
02,013,Aleutians East,6981.943
02,016,Aleutians West,4390.276
02,020,Anchorage,1704.683
02,050,Bethel,40570.004
02,060,Bristol Bay,503.843
02,068,Denali,12751.411
02,070,Dillingham,18568.778
02,090,Fairbanks North Star,7338.209
02,105,Hoonah-Angoon,7524.915
02,110,Juneau,2701.931
02,122,Kenai Peninsula,16075.331
02,130,Ketchikan Gateway,4858.414
02,164,Lake and Peninsula,23652.009
02,170,Matanuska-Susitna,24607.898
02,180,Nome,22961.761
02,185,North Slope,88695.413
02,188,Northwest Arctic,35572.584
02,220,Sitka,2870.339
02,240,Southeast Fairbanks,24768.808
02,270,Wade Hampton,17081.433
02,275,Wrangell,2541.483
02,290,Yukon-Koyukuk,145504.789
02,195,Petersburg,3281.982
02,198,Prince of Wales-Hyder,3922.873
02,230,Skagway,452.325
02,261,Valdez-Cordova,34239.88
02,282,Yakutat,7649.457
02,100,Haines,2318.6
02,150,Kodiak Island,6549.579
04,001,Apache,11197.521
04,003,Cochise,6165.69
04,005,Coconino,18618.885
04,007,Gila,4757.933
04,009,Graham,4622.597
04,011,Greenlee,1843.126
04,012,La Paz,4499.629
04,013,Maricopa,9200.143
04,015,Mohave,13311.084
04,017,Navajo,9950.422
04,019,Pima,9187.036
04,021,Pinal,5365.612
04,023,Santa Cruz,1236.916
04,025,Yavapai,8123.499
04,027,Yuma,5513.992
05,049,Fulton,618.194
05,051,Garland,677.781
05,053,Grant,631.809
05,055,Greene,577.699
05,059,Hot Spring,615.202
05,065,Izard,580.577
05,071,Johnson,659.804
05,075,Lawrence,587.614
05,077,Lee,602.621
05,001,Arkansas,988.77
05,003,Ashley,925.349
05,005,Baxter,554.283
05,007,Benton,847.357
05,011,Bradley,649.231
05,013,Calhoun,628.581
05,017,Chicot,644.304
05,019,Clark,866.074
05,021,Clay,639.465
05,029,Conway,552.25
05,037,Cross,616.381
05,039,Dallas,667.386
05,041,Desha,768.152
05,045,Faulkner,647.884
05,057,Hempstead,727.52
05,061,Howard,588.554
05,063,Independence,763.953
05,067,Jackson,633.938
05,069,Jefferson,870.746
05,073,Lafayette,528.268
05,081,Little River,532.253
05,085,Lonoke,770.728
05,091,Miller,625.578
05,093,Mississippi,900.574
05,095,Monroe,607.122
05,097,Montgomery,779.88
05,099,Nevada,617.837
05,103,Ouachita,732.783
05,107,Phillips,695.663
05,109,Pike,600.618
05,117,Prairie,647.958
05,121,Randolph,652.191
05,131,Sebastian,531.911
05,133,Sevier,565.126
05,139,Union,1039.214
05,145,White,1035.075
05,147,Woodruff,586.791
05,009,Boone,590.231
05,015,Carroll,630.087
05,023,Cleburne,553.692
05,025,Cleveland,597.783
05,027,Columbia,766.053
05,031,Craighead,707.206
05,033,Crawford,593.094
05,035,Crittenden,609.76
05,043,Drew,828.356
05,047,Franklin,608.857
05,143,Washington,941.966
05,149,Yell,929.984
05,079,Lincoln,561.517
05,083,Logan,708.125
05,087,Madison,834.255
05,089,Marion,597.009
05,101,Newton,820.896
05,105,Perry,551.402
05,111,Poinsett,758.389
05,113,Polk,857.679
05,115,Pope,812.548
05,119,Pulaski,759.763
05,123,St. Francis,634.771
05,125,Saline,723.604
05,127,Scott,892.32
05,129,Searcy,666.095
05,135,Sharp,604.439
05,137,Stone,606.405
05,141,Van Buren,708.143
06,035,Lassen,4541.184
06,049,Modoc,3917.77
06,075,San Francisco,46.873
06,083,Santa Barbara,2735.085
06,091,Sierra,953.214
06,095,Solano,821.765
06,101,Sutter,602.41
06,105,Trinity,3179.254
06,111,Ventura,1843.133
06,115,Yuba,631.839
06,033,Lake,1256.464
06,071,San Bernardino,20056.938
06,087,Santa Cruz,445.17
06,001,Alameda,739.017
06,003,Alpine,738.332
06,005,Amador,594.583
06,007,Butte,1636.464
06,009,Calaveras,1020.012
06,011,Colusa,1150.731
06,013,Contra Costa,715.937
06,015,Del Norte,1006.373
06,017,El Dorado,1707.883
06,019,Fresno,5957.991
06,021,Glenn,1313.947
06,023,Humboldt,3567.987
06,025,Imperial,4176.603
06,027,Inyo,10180.879
06,029,Kern,8131.916
06,031,Kings,1389.42
06,037,Los Angeles,4057.884
06,039,Madera,2137.069
06,041,Marin,520.306
06,043,Mariposa,1448.816
06,045,Mendocino,3506.343
06,047,Merced,1934.972
06,051,Mono,3048.982
06,053,Monterey,3280.595
06,055,Napa,748.362
06,057,Nevada,957.772
06,059,Orange,790.568
06,061,Placer,1407.009
06,063,Plumas,2553.043
06,065,Riverside,7206.48
06,067,Sacramento,964.644
06,069,San Benito,1388.71
06,073,San Diego,4206.63
06,077,San Joaquin,1391.322
06,079,San Luis Obispo,3298.567
06,081,San Mateo,448.408
06,085,Santa Clara,1290.1
06,089,Shasta,3775.402
06,093,Siskiyou,6277.887
06,097,Sonoma,1575.849
06,099,Stanislaus,1494.827
06,103,Tehama,2949.709
06,107,Tulare,4824.215
06,109,Tuolumne,2220.884
06,113,Yolo,1014.689
08,053,Hinsdale,1117.251
08,061,Kiowa,1767.767
08,063,Kit Carson,2160.822
08,071,Las Animas,4772.672
08,073,Lincoln,2577.626
08,075,Logan,1838.547
08,079,Mineral,875.666
08,085,Montrose,2240.695
08,087,Morgan,1280.433
08,089,Otero,1261.961
08,095,Phillips,687.928
08,099,Prowers,1638.395
08,101,Pueblo,2386.104
08,103,Rio Blanco,3220.934
08,105,Rio Grande,911.958
08,001,Adams,1167.653
08,003,Alamosa,722.643
08,005,Arapahoe,798.1
08,007,Archuleta,1350.175
08,009,Baca,2554.967
08,011,Bent,1512.861
08,013,Boulder,726.289
08,015,Chaffee,1013.403
08,019,Clear Creek,395.227
08,023,Costilla,1226.952
08,027,Custer,738.625
08,029,Delta,1142.05
08,031,Denver,153.0
08,035,Douglas,840.248
08,037,Eagle,1684.53
08,049,Grand,1846.33
08,051,Gunnison,3239.1
08,055,Huerfano,1591.001
08,057,Jackson,1613.723
08,059,Jefferson,764.208
08,065,Lake,376.911
08,067,La Plata,1692.078
08,069,Larimer,2596.002
08,077,Mesa,3328.974
08,081,Moffat,4743.29
08,083,Montezuma,2029.527
08,091,Ouray,541.593
08,093,Park,2193.846
08,097,Pitkin,970.697
08,107,Routt,2362.026
08,109,Saguache,3168.525
08,111,San Juan,387.488
08,113,San Miguel,1286.611
08,117,Summit,608.358
08,014,Broomfield,33.034
08,017,Cheyenne,1778.276
08,021,Conejos,1287.391
08,025,Crowley,787.421
08,033,Dolores,1067.051
08,039,Elbert,1850.847
08,041,El Paso,2126.801
08,043,Fremont,1533.068
08,045,Garfield,2947.563
08,047,Gilpin,149.896
08,115,Sedgwick,548.041
08,119,Teller,557.055
08,121,Washington,2518.031
08,123,Weld,3987.238
08,125,Yuma,2364.405
09,001,Fairfield,624.89
09,003,Hartford,735.097
09,005,Litchfield,920.56
09,007,Middlesex,369.301
09,009,New Haven,604.506
09,011,New London,664.878
09,013,Tolland,410.214
09,015,Windham,512.91
10,001,Kent,586.179
10,003,New Castle,426.286
10,005,Sussex,936.079
11,001,District of Columbia,61.048
12,013,Calhoun,567.334
12,015,Charlotte,680.279
12,019,Clay,604.36
12,021,Collier,1998.324
12,027,DeSoto,637.059
12,035,Flagler,485.461
12,067,Lafayette,543.411
12,081,Manatee,742.931
12,085,Martin,543.464
12,087,Monroe,983.282
12,091,Okaloosa,930.247
12,099,Palm Beach,1969.763
12,105,Polk,1797.837
12,107,Putnam,727.622
12,109,St. Johns,600.655
12,111,St. Lucie,571.926
12,043,Glades,806.009
12,049,Hardee,637.783
12,051,Hendry,1152.75
12,053,Hernando,472.539
12,059,Holmes,478.777
12,061,Indian River,502.872
12,001,Alachua,875.02
12,003,Baker,585.231
12,005,Bay,758.459
12,007,Bradford,293.962
12,009,Brevard,1015.664
12,011,Broward,1209.785
12,029,Dixie,705.053
12,031,Duval,762.192
12,033,Escambia,656.461
12,037,Franklin,534.725
12,039,Gadsden,516.332
12,041,Gilchrist,349.677
12,045,Gulf,564.012
12,047,Hamilton,513.79
12,055,Highlands,1016.615
12,057,Hillsborough,1020.214
12,063,Jackson,917.76
12,065,Jefferson,598.095
12,069,Lake,938.381
12,071,Lee,784.513
12,073,Leon,666.852
12,077,Liberty,835.562
12,079,Madison,695.948
12,083,Marion,1584.546
12,086,Miami-Dade,1897.716
12,089,Nassau,648.639
12,093,Okeechobee,768.908
12,095,Orange,903.429
12,097,Osceola,1327.453
12,101,Pasco,746.886
12,103,Pinellas,273.799
12,113,Santa Rosa,1011.605
12,117,Seminole,309.221
12,119,Sumter,546.933
12,121,Suwannee,688.552
12,123,Taylor,1043.305
12,125,Union,243.556
12,129,Wakulla,606.419
12,133,Washington,582.803
12,115,Sarasota,555.868
12,131,Walton,1037.625
12,017,Citrus,581.696
12,075,Levy,1118.206
12,127,Volusia,1101.032
12,023,Columbia,797.574
13,057,Cherokee,421.674
13,059,Clarke,119.2
13,061,Clay,195.381
13,063,Clayton,141.57
13,065,Clinch,800.222
13,001,Appling,507.081
13,007,Baker,341.944
13,009,Baldwin,257.844
13,013,Barrow,160.309
13,015,Bartow,459.544
13,019,Berrien,451.897
13,021,Bibb,249.762
13,025,Brantley,442.362
13,027,Brooks,493.046
13,029,Bryan,435.967
13,033,Burke,826.968
13,039,Camden,613.025
13,049,Charlton,773.576
13,051,Chatham,426.437
13,075,Cook,227.162
13,079,Crawford,324.888
13,081,Crisp,272.583
13,089,DeKalb,267.582
13,103,Effingham,477.7
13,105,Elbert,351.055
13,107,Emanuel,680.604
13,113,Fayette,194.342
13,121,Fulton,526.635
13,127,Glynn,419.753
13,131,Grady,454.527
13,135,Gwinnett,430.383
13,137,Habersham,276.74
13,141,Hancock,471.841
13,149,Heard,296.03
13,151,Henry,322.127
13,163,Jefferson,526.485
13,171,Lamar,183.5
13,179,Liberty,489.801
13,183,Long,400.293
13,185,Lowndes,496.066
13,189,McDuffie,257.461
13,191,McIntosh,424.299
13,195,Madison,282.311
13,201,Miller,282.421
13,213,Murray,344.466
13,217,Newton,272.161
13,219,Oconee,184.29
13,221,Oglethorpe,439.012
13,223,Paulding,312.219
13,229,Pierce,316.494
13,241,Rabun,369.993
13,245,Richmond,324.326
13,249,Schley,166.906
13,251,Screven,645.101
13,267,Tattnall,479.403
13,269,Taylor,376.686
13,271,Telfair,437.303
13,285,Troup,413.988
13,289,Twiggs,358.398
13,291,Union,321.926
13,301,Warren,284.298
13,303,Washington,678.452
13,305,Wayne,641.777
13,309,Wheeler,295.484
13,313,Whitfield,290.464
13,317,Wilkes,469.49
13,319,Wilkinson,447.308
13,003,Atkinson,339.382
13,005,Bacon,258.576
13,011,Banks,232.091
13,017,Ben Hill,250.121
13,023,Bleckley,215.87
13,031,Bulloch,672.809
13,035,Butts,184.393
13,037,Calhoun,280.367
13,043,Candler,243.044
13,045,Carroll,499.076
13,047,Catoosa,162.159
13,053,Chattahoochee,248.736
13,055,Chattooga,313.338
13,077,Coweta,440.892
13,083,Dade,173.981
13,085,Dawson,210.83
13,087,Decatur,597.14
13,091,Dodge,495.89
13,093,Dooly,391.94
13,095,Dougherty,328.689
13,097,Douglas,200.067
13,099,Early,512.594
13,101,Echols,414.894
13,109,Evans,182.853
13,111,Fannin,386.723
13,115,Floyd,509.911
13,117,Forsyth,224.021
13,119,Franklin,261.497
13,067,Cobb,339.549
13,069,Coffee,575.097
13,071,Colquitt,544.153
13,073,Columbia,290.09
13,139,Hall,392.782
13,143,Haralson,282.165
13,145,Harris,463.869
13,147,Hart,232.394
13,153,Houston,375.541
13,155,Irwin,354.343
13,157,Jackson,339.663
13,159,Jasper,368.165
13,161,Jeff Davis,330.74
13,165,Jenkins,347.279
13,167,Johnson,303.01
13,169,Jones,393.933
13,173,Lanier,185.261
13,175,Laurens,807.296
13,177,Lee,355.784
13,181,Lincoln,210.38
13,123,Gilmer,426.54
13,125,Glascock,143.74
13,129,Gordon,355.808
13,133,Greene,387.435
13,187,Lumpkin,282.933
13,193,Macon,400.641
13,197,Marion,366.003
13,199,Meriwether,501.223
13,205,Mitchell,512.085
13,225,Peach,150.267
13,227,Pickens,232.057
13,231,Pike,216.086
13,233,Polk,310.331
13,235,Pulaski,249.031
13,207,Monroe,395.658
13,209,Montgomery,239.523
13,211,Morgan,347.349
13,215,Muscogee,216.385
13,255,Spalding,196.469
13,257,Stephens,179.131
13,259,Stewart,458.733
13,261,Sumter,482.697
13,263,Talbot,391.389
13,265,Taliaferro,194.608
13,273,Terrell,335.439
13,275,Thomas,544.596
13,277,Tift,258.915
13,279,Toombs,364.005
13,281,Towns,166.563
13,283,Treutlen,199.436
13,287,Turner,285.393
13,237,Putnam,344.639
13,239,Quitman,151.237
13,243,Randolph,428.236
13,247,Rockdale,129.793
13,253,Seminole,235.226
13,311,White,240.686
13,315,Wilcox,377.705
13,321,Worth,570.702
13,293,Upson,323.437
13,295,Walker,446.379
13,297,Walton,325.68
13,299,Ware,892.461
13,307,Webster,209.118
15,001,Hawaii,4028.417
15,003,Honolulu,600.743
15,005,Kalawao,11.991
15,007,Kauai,619.956
15,009,Maui,1161.521
16,075,Payette,406.867
16,081,Teton,449.456
16,025,Camas,1074.493
16,087,Washington,1452.982
16,001,Ada,1052.576
16,003,Adams,1363.056
16,005,Bannock,1111.988
16,007,Bear Lake,974.785
16,009,Benewah,776.617
16,011,Bingham,2093.978
16,013,Blaine,2643.586
16,015,Boise,1899.237
16,021,Boundary,1268.56
16,023,Butte,2231.667
16,029,Caribou,1764.146
16,035,Clearwater,2457.274
16,037,Custer,4920.94
16,039,Elmore,3074.738
16,041,Franklin,663.645
16,043,Fremont,1863.525
16,049,Idaho,8477.352
16,059,Lemhi,4563.387
16,061,Lewis,478.795
16,063,Lincoln,1201.405
16,069,Nez Perce,848.092
16,073,Owyhee,7665.511
16,077,Power,1404.244
16,079,Shoshone,2629.665
16,083,Twin Falls,1921.213
16,085,Valley,3664.515
16,017,Bonner,1734.573
16,019,Bonneville,1866.077
16,027,Canyon,587.37
16,031,Cassia,2565.081
16,033,Clark,1764.185
16,045,Gem,560.9
16,047,Gooding,728.973
16,051,Jefferson,1093.501
16,053,Jerome,597.185
16,055,Kootenai,1244.125
16,057,Latah,1075.996
16,065,Madison,469.206
16,067,Minidoka,757.591
16,071,Oneida,1200.061
17,051,Fayette,716.482
17,053,Ford,485.616
17,055,Franklin,408.889
17,057,Fulton,865.595
17,061,Greene,543.019
17,063,Grundy,418.043
17,003,Alexander,235.509
17,005,Bond,380.279
17,017,Cass,375.818
17,023,Clark,501.418
17,027,Clinton,474.085
17,031,Cook,945.326
17,043,DuPage,327.499
17,059,Gallatin,323.071
17,079,Jasper,494.51
17,097,Lake,443.67
17,101,Lawrence,372.178
17,123,Marshall,386.789
17,125,Mason,539.238
17,129,Menard,314.437
17,147,Piatt,439.202
17,153,Pulaski,199.185
17,161,Rock Island,427.636
17,165,Saline,379.819
17,181,Union,413.459
17,185,Wabash,223.252
17,189,Washington,562.572
17,197,Will,836.908
17,001,Adams,855.202
17,007,Boone,280.719
17,009,Brown,305.607
17,011,Bureau,869.031
17,013,Calhoun,253.825
17,015,Carroll,444.807
17,019,Champaign,996.266
17,021,Christian,709.377
17,025,Clay,468.316
17,029,Coles,508.291
17,033,Crawford,443.629
17,035,Cumberland,346.024
17,037,DeKalb,631.307
17,039,De Witt,397.513
17,041,Douglas,416.665
17,045,Edgar,623.374
17,047,Edwards,222.416
17,049,Effingham,478.777
17,103,Lee,724.896
17,105,Livingston,1044.285
17,107,Logan,618.059
17,109,McDonough,589.407
17,111,McHenry,603.171
17,113,McLean,1183.378
17,115,Macon,580.689
17,065,Hamilton,434.665
17,067,Hancock,793.726
17,069,Hardin,177.528
17,071,Henderson,378.872
17,073,Henry,822.985
17,075,Iroquois,1117.316
17,077,Jackson,584.081
17,081,Jefferson,571.169
17,083,Jersey,369.271
17,085,Jo Daviess,601.087
17,087,Johnson,343.915
17,089,Kane,520.058
17,091,Kankakee,676.556
17,093,Kendall,320.335
17,095,Knox,716.395
17,099,LaSalle,1135.124
17,163,St. Clair,657.759
17,167,Sangamon,868.302
17,169,Schuyler,437.273
17,171,Scott,250.913
17,173,Shelby,758.523
17,117,Macoupin,862.906
17,119,Madison,715.582
17,121,Marion,572.363
17,127,Massac,237.218
17,131,Mercer,561.202
17,133,Monroe,385.011
17,135,Montgomery,703.687
17,137,Morgan,568.791
17,139,Moultrie,335.943
17,141,Ogle,758.574
17,143,Peoria,619.209
17,145,Perry,441.761
17,149,Pike,831.381
17,151,Pope,368.77
17,155,Putnam,160.161
17,157,Randolph,575.5
17,159,Richland,359.99
17,175,Stark,288.079
17,177,Stephenson,564.523
17,179,Tazewell,648.974
17,183,Vermilion,898.368
17,187,Warren,542.405
17,191,Wayne,713.814
17,193,White,494.766
17,195,Whiteside,684.25
17,199,Williamson,420.149
17,201,Winnebago,513.362
17,203,Woodford,527.799
18,025,Crawford,305.643
18,029,Dearborn,305.034
18,031,Decatur,372.568
18,035,Delaware,392.124
18,037,Dubois,427.269
18,039,Elkhart,463.17
18,041,Fayette,215.014
18,043,Floyd,147.935
18,045,Fountain,395.656
18,047,Franklin,384.43
18,053,Grant,414.074
18,055,Greene,542.495
18,057,Hamilton,394.267
18,059,Hancock,306.016
18,063,Hendricks,406.911
18,065,Henry,391.876
18,069,Huntington,382.651
18,073,Jasper,559.625
18,075,Jay,383.905
18,077,Jefferson,360.631
18,079,Jennings,376.583
18,081,Johnson,320.427
18,085,Kosciusko,531.381
18,087,LaGrange,379.624
18,001,Adams,339.028
18,007,Benton,406.418
18,017,Cass,412.155
18,027,Daviess,429.487
18,033,DeKalb,362.824
18,049,Fulton,368.388
18,051,Gibson,487.486
18,061,Harrison,484.516
18,067,Howard,293.057
18,071,Jackson,509.312
18,083,Knox,516.031
18,093,Lawrence,449.168
18,107,Montgomery,504.613
18,123,Perry,381.727
18,125,Pike,334.238
18,131,Pulaski,433.649
18,145,Shelby,411.147
18,147,Spencer,396.744
18,161,Union,161.224
18,175,Washington,513.725
18,179,Wells,368.087
18,181,White,505.125
18,003,Allen,657.308
18,005,Bartholomew,406.908
18,009,Blackford,165.08
18,011,Boone,422.913
18,013,Brown,311.981
18,015,Carroll,372.224
18,019,Clark,372.855
18,021,Clay,357.542
18,023,Clinton,405.07
18,105,Monroe,394.509
18,109,Morgan,403.969
18,111,Newton,401.759
18,113,Noble,410.843
18,115,Ohio,86.14
18,117,Orange,398.387
18,119,Owen,385.288
18,121,Parke,444.663
18,127,Porter,418.153
18,149,Starke,309.134
18,151,Steuben,308.939
18,153,Sullivan,447.142
18,155,Switzerland,220.633
18,157,Tippecanoe,499.806
18,159,Tipton,260.541
18,163,Vanderburgh,233.475
18,129,Posey,409.571
18,133,Putnam,480.528
18,135,Randolph,452.379
18,137,Ripley,446.426
18,139,Rush,408.124
18,141,St. Joseph,457.85
18,143,Scott,190.397
18,089,Lake,498.961
18,091,LaPorte,598.299
18,095,Madison,451.915
18,097,Marion,396.298
18,099,Marshall,443.629
18,101,Martin,335.737
18,103,Miami,373.842
18,165,Vermillion,256.878
18,167,Vigo,403.313
18,169,Wabash,412.434
18,171,Warren,364.681
18,173,Warrick,384.815
18,177,Wayne,401.74
18,183,Whitley,335.569
19,185,Wayne,525.437
19,187,Webster,715.619
19,189,Winnebago,400.489
19,191,Winneshiek,689.868
19,193,Woodbury,872.834
19,195,Worth,400.123
19,197,Wright,580.422
19,003,Adams,423.439
19,005,Allamakee,639.082
19,007,Appanoose,497.292
19,039,Clarke,431.167
19,041,Clay,567.238
19,043,Clayton,778.539
19,047,Crawford,714.19
19,049,Dallas,588.447
19,051,Davis,502.188
19,053,Decatur,531.881
19,057,Des Moines,416.123
19,059,Dickinson,380.606
19,061,Dubuque,608.305
19,063,Emmet,395.883
19,065,Fayette,730.811
19,069,Franklin,581.972
19,071,Fremont,511.15
19,073,Greene,569.574
19,075,Grundy,501.858
19,011,Benton,716.265
19,013,Black Hawk,565.769
19,015,Boone,571.569
19,017,Bremer,435.477
19,019,Buchanan,571.02
19,023,Butler,580.131
19,025,Calhoun,569.968
19,027,Carroll,569.437
19,029,Cass,564.269
19,031,Cedar,579.436
19,035,Cherokee,576.906
19,037,Chickasaw,504.38
19,001,Adair,569.271
19,009,Audubon,442.961
19,021,Buena Vista,574.915
19,033,Cerro Gordo,568.313
19,045,Clinton,694.915
19,055,Delaware,577.756
19,067,Floyd,500.632
19,081,Hancock,571.005
19,099,Jasper,730.42
19,111,Lee,517.518
19,117,Lucas,430.593
19,131,Mitchell,469.133
19,141,O'Brien,573.035
19,157,Poweshiek,584.932
19,163,Scott,458.089
19,175,Union,423.645
19,121,Madison,561.006
19,123,Mahaska,570.863
19,125,Marion,554.534
19,127,Marshall,572.501
19,129,Mills,437.437
19,133,Monona,694.072
19,135,Monroe,433.715
19,137,Montgomery,424.097
19,139,Muscatine,437.469
19,143,Osceola,398.684
19,145,Page,534.942
19,147,Palo Alto,563.844
19,149,Plymouth,862.893
19,151,Pocahontas,577.241
19,153,Polk,573.795
19,155,Pottawattamie,950.28
19,077,Guthrie,590.62
19,079,Hamilton,576.751
19,083,Hardin,569.307
19,085,Harrison,696.848
19,087,Henry,434.328
19,089,Howard,473.248
19,091,Humboldt,434.352
19,093,Ida,431.508
19,095,Iowa,586.457
19,097,Jackson,636.039
19,101,Jefferson,435.51
19,103,Johnson,614.04
19,105,Jones,575.621
19,107,Keokuk,579.179
19,109,Kossuth,972.72
19,113,Linn,716.88
19,115,Louisa,401.766
19,119,Lyon,587.65
19,159,Ringgold,535.498
19,161,Sac,575.012
19,165,Shelby,590.779
19,167,Sioux,768.332
19,169,Story,572.818
19,171,Tama,721.011
19,173,Taylor,531.902
19,177,Van Buren,484.789
19,179,Wapello,431.833
19,181,Warren,569.827
19,183,Washington,568.835
20,021,Cherokee,587.568
20,023,Cheyenne,1019.887
20,025,Clark,974.632
20,027,Clay,645.301
20,029,Cloud,715.342
20,031,Coffey,626.947
20,035,Cowley,1125.75
20,037,Crawford,589.756
20,039,Decatur,893.517
20,041,Dickinson,847.072
20,043,Doniphan,393.405
20,045,Douglas,455.871
20,049,Elk,644.265
20,051,Ellis,899.912
20,053,Ellsworth,715.847
20,057,Ford,1098.271
20,059,Franklin,571.756
20,061,Geary,384.618
20,063,Gove,1071.665
20,065,Graham,898.522
20,069,Gray,868.867
20,071,Greeley,778.45
20,073,Greenwood,1143.3
20,075,Hamilton,996.508
20,077,Harper,801.269
20,079,Harvey,539.754
20,083,Hodgeman,859.992
20,085,Jackson,656.217
20,001,Allen,500.303
20,003,Anderson,579.646
20,017,Chase,773.06
20,033,Comanche,788.298
20,047,Edwards,621.894
20,055,Finney,1301.967
20,067,Grant,574.8
20,081,Haskell,577.521
20,093,Kearny,870.543
20,097,Kiowa,722.639
20,113,McPherson,898.274
20,129,Morton,729.731
20,143,Ottawa,720.733
20,149,Pottawatomie,841.022
20,161,Riley,609.771
20,165,Rush,717.763
20,171,Scott,717.544
20,185,Stafford,792.046
20,187,Stanton,680.345
20,189,Stevens,727.293
20,193,Thomas,1074.687
20,203,Wichita,718.568
20,005,Atchison,431.172
20,007,Barber,1134.073
20,009,Barton,895.4
20,011,Bourbon,635.471
20,013,Brown,570.872
20,015,Butler,1429.863
20,019,Chautauqua,638.881
20,087,Jefferson,532.574
20,089,Jewell,909.781
20,091,Johnson,473.375
20,095,Kingman,863.363
20,099,Labette,645.295
20,101,Lane,717.455
20,103,Leavenworth,462.831
20,105,Lincoln,719.396
20,157,Republic,717.371
20,159,Rice,726.237
20,163,Rooks,890.533
20,167,Russell,886.26
20,169,Saline,720.225
20,173,Sedgwick,997.512
20,175,Seward,639.497
20,177,Shawnee,544.016
20,179,Sheridan,895.957
20,107,Linn,594.059
20,109,Logan,1072.994
20,111,Lyon,847.474
20,115,Marion,944.29
20,117,Marshall,900.183
20,119,Meade,978.088
20,121,Miami,575.661
20,123,Mitchell,701.792
20,125,Montgomery,643.527
20,127,Morris,695.279
20,131,Nemaha,717.427
20,133,Neosho,571.472
20,135,Ness,1074.75
20,137,Norton,878.134
20,139,Osage,705.518
20,141,Osborne,892.504
20,145,Pawnee,754.263
20,147,Phillips,885.877
20,151,Pratt,735.045
20,153,Rawlins,1069.416
20,155,Reno,1255.346
20,181,Sherman,1056.066
20,183,Smith,895.465
20,191,Sumner,1181.941
20,195,Trego,889.478
20,197,Wabaunsee,794.302
20,199,Wallace,913.652
20,201,Washington,894.756
20,205,Wilson,570.418
20,207,Woodson,497.82
20,209,Wyandotte,151.6
21,183,Ohio,587.274
21,185,Oldham,187.218
21,187,Owen,351.103
21,189,Owsley,197.407
21,191,Pendleton,277.157
21,193,Perry,339.67
21,195,Pike,786.833
21,197,Powell,178.979
21,199,Pulaski,658.408
21,201,Robertson,99.911
21,203,Rockcastle,316.545
21,205,Rowan,279.795
21,209,Scott,281.766
21,213,Simpson,234.204
21,217,Taylor,266.327
21,229,Washington,297.266
21,235,Whitley,437.83
21,237,Wolfe,222.171
21,239,Woodford,188.784
21,207,Russell,253.657
21,211,Shelby,379.636
21,215,Spencer,186.677
21,219,Todd,374.496
21,221,Trigg,441.433
21,223,Trimble,151.648
21,225,Union,342.849
21,227,Warren,541.6
21,231,Wayne,458.17
21,233,Webster,331.943
21,007,Ballard,246.659
21,009,Barren,487.541
21,015,Boone,246.359
21,019,Boyd,159.864
21,021,Boyle,180.169
21,023,Bracken,205.612
21,001,Adair,405.283
21,003,Allen,344.338
21,005,Anderson,201.832
21,013,Bell,359.0
21,017,Bourbon,289.719
21,025,Breathitt,492.413
21,027,Breckinridge,567.172
21,029,Bullitt,297.024
21,031,Butler,426.088
21,033,Caldwell,344.791
21,043,Carter,409.496
21,049,Clark,252.463
21,051,Clay,469.247
21,055,Crittenden,359.952
21,059,Daviess,458.346
21,061,Edmonson,302.883
21,067,Fayette,283.649
21,071,Floyd,393.345
21,079,Garrard,230.077
21,085,Grayson,496.698
21,089,Greenup,344.397
21,093,Hardin,623.278
21,095,Harlan,465.828
21,097,Harrison,306.364
21,101,Henderson,436.669
21,107,Hopkins,541.995
21,109,Jackson,345.201
21,115,Johnson,261.953
21,119,Knott,351.518
21,121,Knox,386.297
21,123,Larue,261.519
21,125,Laurel,433.953
21,131,Leslie,400.844
21,133,Letcher,337.914
21,135,Lewis,482.836
21,139,Livingston,313.127
21,151,Madison,437.293
21,153,Magoffin,308.444
21,155,Marion,343.008
21,165,Menifee,203.585
21,167,Mercer,248.797
21,169,Metcalfe,289.645
21,175,Morgan,381.127
21,177,Muhlenberg,467.079
21,179,Nelson,417.512
21,035,Calloway,385.021
21,037,Campbell,151.308
21,039,Carlisle,189.434
21,041,Carroll,128.569
21,045,Casey,444.23
21,047,Christian,717.503
21,087,Green,286.034
21,091,Hancock,187.652
21,099,Hart,412.086
21,103,Henry,286.276
21,105,Hickman,242.274
21,111,Jefferson,380.416
21,113,Jessamine,172.116
21,117,Kenton,160.25
21,053,Clinton,197.246
21,057,Cumberland,305.182
21,063,Elliott,234.315
21,069,Fleming,348.542
21,073,Franklin,207.747
21,075,Fulton,205.504
21,077,Gallatin,101.234
21,081,Grant,257.965
21,083,Graves,551.743
21,129,Lee,208.857
21,137,Lincoln,334.095
21,141,Logan,552.131
21,143,Lyon,213.84
21,145,McCracken,248.744
21,147,McCreary,426.803
21,149,McLean,252.474
21,159,Martin,229.605
21,011,Bath,278.792
21,157,Marshall,301.253
21,161,Mason,240.128
21,163,Meade,305.423
21,171,Monroe,329.373
21,173,Montgomery,197.366
21,181,Nicholas,195.171
21,065,Estill,253.078
21,127,Lawrence,415.595
22,047,Iberville,618.627
22,049,Jackson,569.183
22,059,La Salle,624.684
22,061,Lincoln,471.742
22,069,Natchitoches,1252.25
22,073,Ouachita,610.406
22,079,Rapides,1317.962
22,083,Richland,559.043
22,087,St. Bernard,377.517
22,089,St. Charles,279.083
22,093,St. James,241.537
22,095,St. John the Baptist,213.071
22,101,St. Mary,555.379
22,115,Vernon,1327.91
22,121,West Baton Rouge,192.394
22,125,West Feliciana,403.214
22,021,Caldwell,529.425
22,075,Plaquemines,779.911
22,119,Webster,593.03
22,001,Acadia,655.119
22,003,Allen,761.847
22,005,Ascension,289.981
22,007,Assumption,338.658
22,009,Avoyelles,832.434
22,013,Bienville,811.268
22,015,Bossier,840.057
22,017,Caddo,878.539
22,025,Catahoula,708.03
22,029,Concordia,696.92
22,031,De Soto,875.579
22,033,East Baton Rouge,455.374
22,035,East Carroll,420.704
22,037,East Feliciana,453.41
22,039,Evangeline,662.378
22,041,Franklin,624.585
22,045,Iberia,574.111
22,051,Jefferson,295.632
22,053,Jefferson Davis,651.328
22,055,Lafayette,268.72
22,057,Lafourche,1068.214
22,063,Livingston,648.169
22,065,Madison,624.437
22,067,Morehouse,794.934
22,071,Orleans,169.423
22,077,Pointe Coupee,557.346
22,081,Red River,389.09
22,085,Sabine,866.659
22,091,St. Helena,408.403
22,097,St. Landry,923.879
22,099,St. Martin,737.648
22,103,St. Tammany,845.551
22,105,Tangipahoa,791.275
22,107,Tensas,602.784
22,109,Terrebonne,1231.815
22,111,Union,876.988
22,113,Vermilion,1173.199
22,117,Washington,669.525
22,123,West Carroll,359.646
22,127,Winn,950.086
22,011,Beauregard,1157.342
22,019,Calcasieu,1063.659
22,023,Cameron,1284.887
22,027,Claiborne,754.878
22,043,Grant,643.026
23,001,Androscoggin,467.927
23,003,Aroostook,6671.33
23,005,Cumberland,835.241
23,007,Franklin,1696.609
23,009,Hancock,1586.893
23,011,Kennebec,867.524
23,013,Knox,365.134
23,015,Lincoln,455.818
23,017,Oxford,2076.84
23,019,Penobscot,3397.362
23,021,Piscataquis,3960.856
23,023,Sagadahoc,253.695
23,025,Somerset,3924.403
23,027,Waldo,729.918
23,029,Washington,2562.66
23,031,York,990.713
24,001,Allegany,424.158
24,003,Anne Arundel,414.902
24,005,Baltimore,598.302
24,009,Calvert,213.152
24,011,Caroline,319.419
24,013,Carroll,447.595
24,015,Cecil,346.273
24,017,Charles,457.749
24,019,Dorchester,540.765
24,021,Frederick,660.221
24,023,Garrett,647.103
24,025,Harford,437.089
24,027,Howard,250.741
24,029,Kent,277.03
24,031,Montgomery,491.254
24,033,Prince George's,482.691
24,035,Queen Anne's,371.908
24,037,St. Mary's,357.18
24,039,Somerset,319.723
24,041,Talbot,268.538
24,043,Washington,457.78
24,045,Wicomico,374.444
24,047,Worcester,468.281
24,510,Baltimore,80.944
25,001,Barnstable,393.723
25,003,Berkshire,926.825
25,005,Bristol,553.096
25,007,Dukes,103.245
25,009,Essex,492.563
25,011,Franklin,699.319
25,013,Hampden,617.14
25,015,Hampshire,527.255
25,017,Middlesex,817.817
25,019,Nantucket,44.97
25,021,Norfolk,396.105
25,023,Plymouth,659.075
25,025,Suffolk,58.154
25,027,Worcester,1510.77
26,067,Ionia,571.304
26,069,Iosco,549.096
26,071,Iron,1166.149
26,075,Jackson,701.666
26,077,Kalamazoo,561.658
26,079,Kalkaska,559.865
26,001,Alcona,674.585
26,003,Alger,915.07
26,007,Alpena,571.86
26,013,Baraga,898.257
26,017,Bay,442.302
26,029,Charlevoix,416.339
26,033,Chippewa,1558.42
26,039,Crawford,556.28
26,041,Delta,1171.096
26,047,Emmet,467.494
26,055,Grand Traverse,464.331
26,061,Houghton,1009.099
26,063,Huron,835.706
26,073,Isabella,572.677
26,083,Keweenaw,540.112
26,089,Leelanau,347.171
26,097,Mackinac,1021.569
26,099,Macomb,479.223
26,103,Marquette,1808.401
26,107,Mecosta,555.071
26,109,Menominee,1044.079
26,115,Monroe,549.394
26,129,Ogemaw,563.488
26,135,Oscoda,565.731
26,141,Presque Isle,658.719
26,147,St. Clair,721.17
26,163,Wayne,612.08
26,165,Wexford,565.002
26,005,Allegan,825.231
26,009,Antrim,475.703
26,011,Arenac,363.191
26,015,Barry,553.092
26,019,Benzie,319.704
26,021,Berrien,567.747
26,023,Branch,506.369
26,025,Calhoun,706.233
26,027,Cass,490.062
26,031,Cheboygan,715.264
26,035,Clare,564.315
26,037,Clinton,566.408
26,043,Dickinson,761.4
26,045,Eaton,575.175
26,049,Genesee,636.977
26,051,Gladwin,501.779
26,057,Gratiot,568.464
26,059,Hillsdale,598.133
26,065,Ingham,556.12
26,139,Ottawa,563.467
26,143,Roscommon,519.636
26,145,Saginaw,800.114
26,149,St. Joseph,500.591
26,151,Sanilac,962.566
26,153,Schoolcraft,1171.358
26,081,Kent,846.948
26,085,Lake,567.37
26,087,Lapeer,643.014
26,091,Lenawee,749.555
26,093,Livingston,565.254
26,095,Luce,899.078
26,101,Manistee,542.149
26,105,Mason,495.073
26,111,Midland,516.253
26,113,Missaukee,564.726
26,117,Montcalm,705.399
26,119,Montmorency,546.663
26,121,Muskegon,499.246
26,123,Newaygo,813.204
26,125,Oakland,867.663
26,127,Oceana,512.071
26,131,Ontonagon,1311.225
26,133,Osceola,566.391
26,137,Otsego,514.971
26,155,Shiawassee,530.668
26,157,Tuscola,803.127
26,159,Van Buren,607.474
26,161,Washtenaw,705.965
26,053,Gogebic,1101.849
27,055,Houston,552.058
27,057,Hubbard,925.675
27,059,Isanti,435.794
27,063,Jackson,702.982
27,065,Kanabec,521.586
27,067,Kandiyohi,796.785
27,071,Koochiching,3104.07
27,001,Aitkin,1821.663
27,013,Blue Earth,747.844
27,015,Brown,611.09
27,021,Cass,2021.542
27,023,Chippewa,581.122
27,027,Clay,1045.366
27,031,Cook,1452.277
27,033,Cottonwood,638.61
27,051,Grant,548.16
27,053,Hennepin,553.591
27,061,Itasca,2667.722
27,069,Kittson,1098.804
27,073,Lac qui Parle,765.021
27,075,Lake,2109.292
27,077,Lake of the Woods,1297.869
27,083,Lyon,714.559
27,089,Marshall,1775.068
27,097,Morrison,1125.062
27,103,Nicollet,448.494
27,107,Norman,872.789
27,113,Pennington,616.57
27,119,Polk,1971.128
27,125,Red Lake,432.407
27,127,Redwood,878.572
27,129,Renville,982.906
27,137,St. Louis,6247.401
27,139,Scott,356.476
27,145,Stearns,1343.133
27,163,Washington,384.282
27,167,Wilkin,750.957
27,171,Wright,661.457
27,173,Yellow Medicine,759.101
27,003,Anoka,423.01
27,005,Becker,1315.203
27,007,Beltrami,2504.94
27,009,Benton,408.301
27,011,Big Stone,499.022
27,017,Carlton,861.381
27,019,Carver,354.325
27,025,Chisago,414.862
27,029,Clearwater,998.94
27,035,Crow Wing,999.095
27,037,Dakota,562.168
27,039,Dodge,439.276
27,041,Douglas,637.3
27,043,Faribault,712.476
27,045,Fillmore,861.3
27,047,Freeborn,707.087
27,049,Goodhue,756.838
27,147,Steele,429.645
27,149,Stevens,563.604
27,151,Swift,742.083
27,153,Todd,944.982
27,155,Traverse,573.902
27,157,Wabasha,522.982
27,159,Wadena,536.268
27,165,Watonwan,434.947
27,079,Le Sueur,448.76
27,081,Lincoln,536.757
27,085,McLeod,491.471
27,087,Mahnomen,557.878
27,091,Martin,712.347
27,093,Meeker,608.178
27,095,Mille Lacs,572.31
27,099,Mower,711.329
27,101,Murray,704.702
27,105,Nobles,715.106
27,109,Olmsted,653.349
27,111,Otter Tail,1972.068
27,115,Pine,1411.289
27,117,Pipestone,465.055
27,121,Pope,669.713
27,123,Ramsey,152.212
27,131,Rice,495.684
27,133,Rock,482.455
27,135,Roseau,1671.602
27,141,Sherburne,432.917
27,143,Sibley,588.779
27,169,Winona,626.206
27,161,Waseca,423.356
28,027,Coahoma,552.442
28,029,Copiah,777.244
28,031,Covington,413.792
28,035,Forrest,466.314
28,037,Franklin,563.779
28,041,Greene,712.755
28,043,Grenada,422.107
28,045,Hancock,473.748
28,047,Harrison,573.994
28,057,Itawamba,532.787
28,059,Jackson,722.754
28,061,Jasper,676.243
28,063,Jefferson,519.933
28,065,Jefferson Davis,408.443
28,069,Kemper,766.182
28,071,Lafayette,631.708
28,073,Lamar,497.055
28,075,Lauderdale,703.634
28,077,Lawrence,430.668
28,001,Adams,462.407
28,003,Alcorn,400.038
28,007,Attala,734.982
28,009,Benton,406.616
28,011,Bolivar,876.573
28,017,Chickasaw,501.779
28,021,Claiborne,487.406
28,033,DeSoto,476.145
28,039,George,478.708
28,049,Hinds,869.741
28,051,Holmes,756.699
28,053,Humphreys,418.491
28,055,Issaquena,413.045
28,067,Jones,694.795
28,083,Leflore,592.539
28,087,Lowndes,505.509
28,089,Madison,714.506
28,099,Neshoba,570.141
28,109,Pearl River,810.863
28,121,Rankin,775.485
28,137,Tate,404.759
28,143,Tunica,454.668
28,149,Warren,588.501
28,151,Washington,724.741
28,157,Wilkinson,678.106
28,159,Winston,607.245
28,163,Yazoo,922.947
28,005,Amite,730.1
28,013,Calhoun,586.573
28,015,Carroll,628.243
28,019,Choctaw,418.177
28,023,Clarke,691.554
28,025,Clay,410.077
28,097,Montgomery,406.981
28,101,Newton,578.104
28,103,Noxubee,695.138
28,105,Oktibbeha,458.201
28,107,Panola,685.144
28,111,Perry,647.252
28,113,Pike,409.015
28,115,Pontotoc,497.689
28,117,Prentiss,414.98
28,119,Quitman,405.012
28,123,Scott,609.185
28,145,Union,415.598
28,147,Walthall,403.944
28,153,Wayne,810.75
28,155,Webster,420.94
28,161,Yalobusha,467.129
28,129,Smith,636.252
28,125,Sharkey,431.72
28,127,Simpson,589.163
28,131,Stone,445.485
28,133,Sunflower,697.754
28,135,Tallahatchie,645.288
28,139,Tippah,457.815
28,141,Tishomingo,424.254
28,079,Leake,583.0
28,081,Lee,449.951
28,085,Lincoln,586.115
28,091,Marion,542.384
28,093,Marshall,706.193
28,095,Monroe,765.094
29,053,Cooper,564.765
29,055,Crawford,742.517
29,059,Dallas,540.77
29,061,Daviess,563.24
29,063,DeKalb,421.356
29,065,Dent,752.79
29,067,Douglas,813.632
29,071,Franklin,922.681
29,001,Adair,567.324
29,013,Bates,836.689
29,017,Bollinger,617.906
29,023,Butler,694.669
29,027,Callaway,834.575
29,029,Camden,655.923
29,031,Cape Girardeau,578.535
29,033,Carroll,694.621
29,041,Chariton,751.181
29,057,Dade,490.012
29,069,Dunklin,541.069
29,075,Gentry,491.422
29,087,Holt,462.693
29,095,Jackson,604.462
29,099,Jefferson,656.629
29,103,Knox,504.011
29,115,Linn,615.564
29,137,Monroe,647.653
29,143,New Madrid,674.84
29,157,Perry,474.354
29,167,Polk,635.523
29,171,Putnam,517.317
29,183,St. Charles,560.435
29,185,St. Clair,669.983
29,189,St. Louis,507.8
29,195,Saline,755.504
29,199,Scotland,436.671
29,207,Stoddard,823.222
29,225,Webster,592.562
29,003,Andrew,432.703
29,005,Atchison,547.302
29,007,Audrain,692.235
29,009,Barry,778.251
29,011,Barton,591.921
29,015,Benton,704.06
29,019,Boone,685.414
29,021,Buchanan,408.027
29,025,Caldwell,426.393
29,035,Carter,507.361
29,037,Cass,696.836
29,039,Cedar,474.483
29,043,Christian,562.645
29,045,Clark,504.692
29,047,Clay,397.298
29,049,Clinton,418.956
29,051,Cole,393.75
29,127,Marion,436.924
29,129,Mercer,453.835
29,131,Miller,592.595
29,133,Mississippi,411.583
29,135,Moniteau,415.025
29,139,Montgomery,536.247
29,073,Gasconade,517.803
29,077,Greene,675.304
29,079,Grundy,435.276
29,081,Harrison,722.504
29,083,Henry,696.947
29,085,Hickory,399.091
29,089,Howard,463.849
29,091,Howell,927.248
29,093,Iron,550.259
29,097,Jasper,638.487
29,101,Johnson,829.282
29,105,Laclede,764.717
29,107,Lafayette,628.433
29,109,Lawrence,611.737
29,111,Lewis,505.042
29,113,Lincoln,626.556
29,117,Livingston,532.329
29,119,McDonald,539.48
29,121,Macon,801.227
29,123,Madison,494.39
29,125,Maries,526.979
29,197,Schuyler,307.303
29,201,Scott,419.99
29,203,Shannon,1003.82
29,205,Shelby,500.864
29,209,Stone,464.033
29,211,Sullivan,647.981
29,213,Taney,632.436
29,215,Texas,1177.266
29,141,Morgan,597.631
29,145,Newton,624.765
29,147,Nodaway,876.964
29,149,Oregon,789.796
29,151,Osage,604.346
29,153,Ozark,744.972
29,155,Pemiscot,492.544
29,159,Pettis,682.222
29,161,Phelps,671.784
29,163,Pike,670.438
29,165,Platte,420.19
29,169,Pulaski,547.099
29,173,Ralls,469.781
29,175,Randolph,482.684
29,177,Ray,568.805
29,179,Reynolds,808.478
29,181,Ripley,629.537
29,186,Ste. Genevieve,499.153
29,187,St. Francois,451.887
29,510,St. Louis,61.909
29,217,Vernon,826.398
29,219,Warren,428.601
29,221,Washington,759.913
29,223,Wayne,759.176
29,227,Worth,266.613
29,229,Wright,681.771
30,001,Beaverhead,5541.624
30,003,Big Horn,4995.462
30,005,Blaine,4227.546
30,007,Broadwater,1192.541
30,009,Carbon,2048.788
30,011,Carter,3340.752
30,013,Cascade,2698.158
30,015,Chouteau,3972.488
30,017,Custer,3783.362
30,019,Daniels,1426.105
30,021,Dawson,2371.865
30,023,Deer Lodge,736.53
30,027,Fergus,4339.803
30,029,Flathead,5087.66
30,031,Gallatin,2602.689
30,033,Garfield,4675.356
30,035,Glacier,2995.937
30,039,Granite,1727.415
30,043,Jefferson,1656.257
30,045,Judith Basin,1869.821
30,047,Lake,1490.15
30,049,Lewis and Clark,3458.828
30,053,Lincoln,3612.916
30,055,McCone,2643.172
30,057,Madison,3587.484
30,059,Meagher,2391.913
30,061,Mineral,1219.437
30,069,Petroleum,1654.871
30,071,Phillips,5140.035
30,073,Pondera,1622.863
30,077,Powell,2326.392
30,081,Ravalli,2390.821
30,083,Richland,2084.143
30,085,Roosevelt,2354.793
30,089,Sanders,2760.524
30,093,Silver Bow,718.477
30,099,Teton,2272.375
30,105,Valley,4925.819
30,091,Sheridan,1677.08
30,095,Stillwater,1795.35
30,097,Sweet Grass,1855.205
30,101,Toole,1915.647
30,103,Treasure,977.398
30,107,Wheatland,1423.195
30,109,Wibaux,889.265
30,111,Yellowstone,2633.294
30,025,Fallon,1620.772
30,037,Golden Valley,1175.342
30,041,Hill,2898.955
30,051,Liberty,1430.045
30,063,Missoula,2593.424
30,065,Musselshell,1868.155
30,067,Park,2803.063
30,075,Powder River,3297.298
30,079,Prairie,1736.737
30,087,Rosebud,5010.402
31,051,Dixon,476.232
31,053,Dodge,528.706
31,055,Douglas,328.455
31,057,Dundy,919.678
31,059,Fillmore,575.371
31,063,Frontier,974.592
31,065,Furnas,719.132
31,001,Adams,563.272
31,029,Chase,894.419
31,033,Cheyenne,1196.287
31,049,Deuel,439.851
31,061,Franklin,575.816
31,075,Grant,776.224
31,091,Hooker,721.121
31,101,Keith,1061.6
31,113,Logan,570.66
31,125,Nance,441.633
31,151,Saline,574.018
31,163,Sherman,565.828
31,171,Thomas,713.236
31,003,Antelope,857.218
31,005,Arthur,715.355
31,007,Banner,746.114
31,009,Blaine,710.874
31,011,Boone,686.554
31,013,Box Butte,1075.293
31,015,Boyd,539.94
31,017,Brown,1221.333
31,019,Buffalo,968.112
31,021,Burt,491.581
31,023,Butler,584.907
31,025,Cass,557.446
31,027,Cedar,740.312
31,031,Cherry,5960.422
31,035,Clay,572.289
31,037,Colfax,411.66
31,039,Cuming,570.619
31,041,Custer,2575.522
31,043,Dakota,264.255
31,045,Dawes,1396.464
31,047,Dawson,1013.096
31,103,Keya Paha,773.072
31,105,Kimball,951.846
31,107,Knox,1108.35
31,109,Lancaster,837.548
31,111,Lincoln,2564.068
31,115,Loup,568.29
31,117,McPherson,858.976
31,119,Madison,572.743
31,121,Merrick,484.881
31,123,Morrill,1423.838
31,127,Nemaha,407.382
31,129,Nuckolls,575.155
31,131,Otoe,615.631
31,133,Pawnee,431.075
31,067,Gage,851.491
31,069,Garden,1704.283
31,071,Garfield,569.79
31,073,Gosper,458.155
31,077,Greeley,569.811
31,079,Hall,546.289
31,081,Hamilton,542.878
31,083,Harlan,553.466
31,085,Hayes,713.062
31,087,Hitchcock,709.943
31,089,Holt,2412.399
31,093,Howard,569.337
31,095,Jefferson,570.185
31,097,Johnson,376.051
31,099,Kearney,516.244
31,165,Sioux,2066.74
31,167,Stanton,427.949
31,169,Thayer,573.807
31,173,Thurston,393.584
31,175,Valley,568.048
31,177,Washington,389.958
31,179,Wayne,442.915
31,181,Webster,574.913
31,183,Wheeler,575.182
31,185,York,572.51
31,135,Perkins,883.335
31,137,Phelps,539.79
31,139,Pierce,573.249
31,141,Platte,674.059
31,143,Polk,438.345
31,145,Red Willow,716.985
31,147,Richardson,551.84
31,149,Rock,1008.318
31,153,Sarpy,238.99
31,155,Saunders,750.234
31,157,Scotts Bluff,739.401
31,159,Seward,571.428
31,161,Sheridan,2440.862
32,001,Churchill,4930.458
32,003,Clark,7891.431
32,005,Douglas,709.719
32,007,Elko,17169.834
32,009,Esmeralda,3581.876
32,011,Eureka,4175.684
32,013,Humboldt,9640.757
32,015,Lander,5490.105
32,017,Lincoln,10633.202
32,019,Lyon,2001.187
32,031,Washoe,6302.366
32,033,White Pine,8875.648
32,021,Mineral,3752.844
32,023,Nye,18181.924
32,027,Pershing,6036.563
32,029,Storey,262.92
32,510,Carson City,144.662
33,001,Belknap,400.232
33,003,Carroll,931.061
33,005,Cheshire,706.66
33,007,Coos,1794.685
33,009,Grafton,1708.749
33,011,Hillsborough,876.139
33,013,Merrimack,934.116
33,019,Sullivan,537.313
33,017,Strafford,368.975
33,015,Rockingham,694.72
34,001,Atlantic,555.704
34,003,Bergen,233.009
34,005,Burlington,798.576
34,007,Camden,221.263
34,009,Cape May,251.425
34,011,Cumberland,483.703
34,013,Essex,126.212
34,015,Gloucester,322.005
34,017,Hudson,46.191
34,019,Hunterdon,427.819
34,021,Mercer,224.557
34,023,Middlesex,308.914
34,025,Monmouth,468.793
34,027,Morris,460.177
34,029,Ocean,628.781
34,031,Passaic,184.593
34,033,Salem,331.899
34,035,Somerset,301.813
34,037,Sussex,519.014
34,039,Union,102.855
34,041,Warren,356.918
35,013,Do√±a Ana,3807.511
35,019,Guadalupe,3030.482
35,023,Hidalgo,3436.861
35,025,Lea,4390.932
35,027,Lincoln,4831.091
35,028,Los Alamos,109.167
35,031,McKinley,5449.809
35,035,Otero,6613.209
35,037,Quay,2874.349
35,041,Roosevelt,2447.431
35,047,San Miguel,4715.821
35,049,Santa Fe,1909.414
35,053,Socorro,6646.679
35,057,Torrance,3344.845
35,059,Union,3823.744
35,061,Valencia,1066.175
35,001,Bernalillo,1160.828
35,003,Catron,6923.69
35,005,Chaves,6065.275
35,006,Cibola,4539.48
35,007,Colfax,3758.06
35,009,Curry,1404.797
35,011,De Baca,2322.623
35,015,Eddy,4175.726
35,017,Grant,3961.625
35,021,Harding,2125.442
35,029,Luna,2965.188
35,033,Mora,1931.274
35,039,Rio Arriba,5860.837
35,043,Sandoval,3710.65
35,045,San Juan,5513.067
35,051,Sierra,4178.956
35,055,Taos,2203.11
36,001,Albany,522.804
36,003,Allegany,1029.308
36,005,Bronx,42.096
36,009,Cattaraugus,1308.35
36,011,Cayuga,691.582
36,013,Chautauqua,1060.226
36,017,Chenango,893.548
36,025,Delaware,1442.44
36,031,Essex,1794.228
36,041,Hamilton,1717.373
36,045,Jefferson,1268.59
36,051,Livingston,631.763
36,053,Madison,654.842
36,059,Nassau,284.716
36,063,Niagara,522.359
36,065,Oneida,1212.429
36,067,Onondaga,778.39
36,071,Orange,811.686
36,075,Oswego,951.65
36,077,Otsego,1001.7
36,081,Queens,108.532
36,091,Saratoga,809.984
36,103,Suffolk,912.051
36,105,Sullivan,968.132
36,113,Warren,866.952
36,115,Washington,831.184
36,119,Westchester,430.497
36,123,Yates,338.143
36,069,Ontario,644.065
36,073,Orleans,391.259
36,079,Putnam,230.312
36,083,Rensselaer,652.431
36,007,Broome,705.766
36,015,Chemung,407.352
36,019,Clinton,1037.852
36,021,Columbia,634.705
36,023,Cortland,498.76
36,027,Dutchess,795.63
36,033,Franklin,1629.119
36,035,Fulton,495.469
36,037,Genesee,492.936
36,039,Greene,647.161
36,043,Herkimer,1411.47
36,047,Kings,70.816
36,049,Lewis,1274.679
36,055,Monroe,657.205
36,057,Montgomery,403.043
36,061,New York,22.829
36,085,Richmond,58.37
36,087,Rockland,173.55
36,089,St. Lawrence,2680.377
36,093,Schenectady,204.516
36,095,Schoharie,621.819
36,097,Schuyler,328.333
36,099,Seneca,323.705
36,101,Steuben,1390.559
36,107,Tioga,518.602
36,109,Tompkins,474.649
36,117,Wayne,603.826
36,121,Wyoming,592.746
36,029,Erie,1042.693
36,111,Ulster,1124.235
37,041,Chowan,172.473
37,043,Clay,214.751
37,045,Cleveland,464.252
37,059,Davie,264.105
37,063,Durham,285.975
37,067,Forsyth,408.148
37,069,Franklin,491.682
37,071,Gaston,356.027
37,001,Alamance,423.943
37,009,Ashe,426.135
37,013,Beaufort,827.192
37,015,Bertie,699.27
37,017,Bladen,874.328
37,019,Brunswick,846.973
37,021,Buncombe,656.672
37,031,Carteret,506.251
37,039,Cherokee,455.426
37,047,Columbus,937.293
37,049,Craven,708.958
37,051,Cumberland,652.315
37,053,Currituck,261.852
37,055,Dare,383.42
37,057,Davidson,552.675
37,061,Duplin,816.219
37,065,Edgecombe,505.336
37,075,Graham,292.079
37,083,Halifax,724.086
37,085,Harnett,594.987
37,087,Haywood,553.692
37,089,Henderson,373.068
37,093,Hoke,390.744
37,095,Hyde,612.7
37,099,Jackson,490.755
37,101,Johnston,791.299
37,103,Jones,470.708
37,111,McDowell,440.608
37,113,Macon,515.558
37,115,Madison,449.57
37,117,Martin,461.217
37,119,Mecklenburg,523.842
37,121,Mitchell,221.425
37,125,Moore,697.843
37,127,Nash,540.407
37,129,New Hanover,191.534
37,131,Northampton,536.589
37,133,Onslow,762.744
37,141,Pender,869.795
37,145,Person,392.322
37,147,Pitt,651.975
37,153,Richmond,473.821
37,155,Robeson,949.221
37,161,Rutherford,564.151
37,167,Stanly,395.086
37,173,Swain,527.996
37,175,Transylvania,378.528
37,181,Vance,253.517
37,193,Wilkes,754.278
37,199,Yancey,312.597
37,003,Alexander,259.994
37,005,Alleghany,235.059
37,007,Anson,531.452
37,011,Avery,247.087
37,023,Burke,507.099
37,025,Cabarrus,361.749
37,027,Caldwell,471.566
37,033,Caswell,424.922
37,035,Catawba,398.721
37,037,Chatham,682.185
37,143,Perquimans,247.089
37,149,Polk,237.789
37,151,Randolph,782.517
37,157,Rockingham,565.551
37,159,Rowan,511.374
37,073,Gates,340.445
37,077,Granville,531.57
37,079,Greene,265.928
37,081,Guilford,645.704
37,091,Hertford,353.06
37,097,Iredell,573.833
37,105,Lee,254.959
37,107,Lenoir,400.591
37,109,Lincoln,297.938
37,123,Montgomery,491.76
37,135,Orange,397.958
37,137,Pamlico,336.537
37,139,Pasquotank,226.88
37,165,Scotland,318.845
37,169,Stokes,448.857
37,171,Surry,532.166
37,177,Tyrrell,389.035
37,179,Union,631.52
37,183,Wake,835.219
37,185,Warren,428.456
37,187,Washington,348.135
37,189,Watauga,312.556
37,191,Wayne,553.087
37,195,Wilson,368.174
37,197,Yadkin,334.829
37,163,Sampson,944.74
37,029,Camden,240.556
38,073,Ransom,862.357
38,075,Renville,877.053
38,079,Rolette,903.079
38,081,Sargent,858.513
38,083,Sheridan,972.379
38,087,Slope,1214.922
38,089,Stark,1334.735
38,093,Stutsman,2221.724
38,095,Towner,1024.561
38,001,Adams,987.619
38,003,Barnes,1491.554
38,005,Benson,1388.708
38,007,Billings,1148.853
38,009,Bottineau,1668.421
38,011,Bowman,1161.807
38,017,Cass,1764.937
38,027,Eddy,630.171
38,035,Grand Forks,1436.376
38,037,Grant,1659.139
38,051,McIntosh,974.733
38,053,McKenzie,2760.323
38,059,Morton,1926.27
38,067,Pembina,1118.694
38,071,Ramsey,1186.854
38,077,Richland,1435.779
38,085,Sioux,1094.094
38,091,Steele,712.215
38,097,Traill,861.949
38,099,Walsh,1281.931
38,105,Williams,2077.401
38,013,Burke,1103.568
38,015,Burleigh,1632.653
38,019,Cavalier,1488.751
38,021,Dickey,1131.47
38,023,Divide,1260.786
38,025,Dunn,2008.46
38,029,Emmons,1510.435
38,031,Foster,635.453
38,033,Golden Valley,1000.786
38,039,Griggs,708.815
38,041,Hettinger,1132.221
38,043,Kidder,1351.189
38,045,LaMoure,1145.943
38,047,Logan,992.818
38,049,McHenry,1873.954
38,057,Mercer,1042.957
38,061,Mountrail,1825.298
38,063,Nelson,981.775
38,065,Oliver,722.511
38,069,Pierce,1018.6
38,101,Ward,2013.279
38,103,Wells,1271.047
38,055,McLean,2110.876
39,029,Columbiana,531.893
39,031,Coshocton,563.913
39,033,Crawford,401.786
39,037,Darke,598.1
39,041,Delaware,443.098
39,043,Erie,251.558
39,045,Fairfield,504.411
39,047,Fayette,406.357
39,051,Fulton,405.443
39,053,Gallia,466.53
39,055,Geauga,400.164
39,057,Greene,413.729
39,063,Hancock,531.358
39,065,Hardin,470.405
39,003,Allen,402.496
39,019,Carroll,394.609
39,035,Cuyahoga,457.191
39,039,Defiance,411.46
39,049,Franklin,532.188
39,059,Guernsey,522.254
39,061,Hamilton,405.91
39,079,Jackson,420.304
39,093,Lorain,491.101
39,095,Lucas,340.855
39,101,Marion,403.757
39,137,Putnam,482.522
39,159,Union,431.73
39,175,Wyandot,406.865
39,001,Adams,583.867
39,005,Ashland,422.95
39,007,Ashtabula,701.931
39,009,Athens,503.598
39,011,Auglaize,401.386
39,013,Belmont,532.129
39,015,Brown,490.016
39,017,Butler,467.056
39,021,Champaign,428.669
39,023,Clark,397.473
39,025,Clermont,452.1
39,027,Clinton,408.684
39,113,Montgomery,461.553
39,115,Morgan,416.423
39,117,Morrow,406.079
39,119,Muskingum,664.579
39,123,Ottawa,254.917
39,125,Paulding,416.438
39,127,Perry,407.971
39,129,Pickaway,501.32
39,131,Pike,440.282
39,067,Harrison,402.339
39,069,Henry,416.01
39,071,Highland,553.084
39,073,Hocking,421.323
39,075,Holmes,422.533
39,077,Huron,491.495
39,081,Jefferson,408.329
39,083,Knox,525.494
39,085,Lake,227.493
39,087,Lawrence,453.371
39,089,Licking,682.5
39,091,Logan,458.429
39,097,Madison,465.875
39,099,Mahoning,411.623
39,103,Medina,421.358
39,105,Meigs,430.098
39,107,Mercer,462.449
39,109,Miami,406.58
39,111,Monroe,455.721
39,121,Noble,398.012
39,133,Portage,487.381
39,135,Preble,424.12
39,139,Richland,495.269
39,141,Ross,689.188
39,143,Sandusky,408.453
39,145,Scioto,610.213
39,147,Seneca,551.017
39,149,Shelby,407.675
39,151,Stark,575.271
39,153,Summit,412.748
39,155,Trumbull,618.297
39,157,Tuscarawas,567.636
39,161,Van Wert,409.158
39,163,Vinton,412.36
39,165,Warren,401.314
39,167,Washington,631.972
39,169,Wayne,554.929
39,171,Williams,420.965
39,173,Wood,617.205
40,051,Grady,1100.497
40,053,Grant,1000.871
40,055,Greer,639.324
40,059,Harper,1039.017
40,061,Haskell,576.521
40,001,Adair,573.477
40,003,Alfalfa,866.455
40,009,Beckham,901.805
40,013,Bryan,904.471
40,023,Choctaw,770.357
40,027,Cleveland,538.766
40,039,Custer,988.817
40,057,Harmon,537.194
40,065,Jackson,802.651
40,075,Kiowa,1015.226
40,087,McClain,570.701
40,089,McCurtain,1850.005
40,095,Marshall,371.08
40,097,Mayes,655.386
40,101,Muskogee,810.45
40,113,Osage,2246.358
40,117,Pawnee,567.955
40,125,Pottawatomie,787.672
40,133,Seminole,632.837
40,135,Sequoyah,673.271
40,137,Stephens,870.244
40,141,Tillman,871.134
40,005,Atoka,975.517
40,007,Beaver,1814.672
40,011,Blaine,928.424
40,015,Caddo,1278.289
40,017,Canadian,896.626
40,019,Carter,822.175
40,021,Cherokee,749.408
40,025,Cimarron,1834.738
40,029,Coal,516.682
40,031,Comanche,1069.287
40,033,Cotton,632.654
40,035,Craig,761.354
40,037,Creek,950.141
40,041,Delaware,738.177
40,043,Dewey,999.476
40,045,Ellis,1231.515
40,047,Garfield,1058.466
40,049,Garvin,802.121
40,093,Major,954.988
40,099,Murray,416.458
40,103,Noble,731.895
40,105,Nowata,565.777
40,107,Okfuskee,618.567
40,109,Oklahoma,708.819
40,111,Okmulgee,697.349
40,115,Ottawa,470.821
40,119,Payne,684.703
40,121,Pittsburg,1305.462
40,123,Pontotoc,720.435
40,127,Pushmataha,1395.836
40,063,Hughes,804.647
40,067,Jefferson,758.832
40,069,Johnston,642.94
40,071,Kay,919.729
40,073,Kingfisher,898.161
40,077,Latimer,722.08
40,079,Le Flore,1589.214
40,081,Lincoln,952.314
40,083,Logan,743.834
40,085,Love,513.995
40,091,McIntosh,618.496
40,129,Roger Mills,1141.136
40,131,Rogers,675.632
40,139,Texas,2041.261
40,143,Tulsa,570.246
40,145,Wagoner,561.555
40,147,Washington,415.454
40,149,Washita,1003.167
40,151,Woods,1286.454
40,153,Woodward,1242.399
41,059,Umatilla,3215.509
41,063,Wallowa,3146.189
41,067,Washington,724.23
41,069,Wheeler,1714.749
41,071,Yamhill,715.86
41,001,Baker,3068.357
41,003,Benton,675.941
41,005,Clackamas,1870.322
41,007,Clatsop,829.049
41,009,Columbia,657.357
41,011,Coos,1596.173
41,013,Crook,2979.086
41,015,Curry,1627.46
41,017,Deschutes,3018.186
41,019,Douglas,5036.075
41,021,Gilliam,1204.809
41,023,Grant,4528.541
41,025,Harney,10133.17
41,033,Josephine,1639.668
41,035,Klamath,5941.052
41,039,Lane,4553.119
41,041,Lincoln,979.765
41,043,Linn,2290.129
41,047,Marion,1182.326
41,051,Multnomah,431.297
41,055,Sherman,823.694
41,061,Union,2036.606
41,065,Wasco,2381.519
41,027,Hood River,521.949
41,029,Jackson,2783.548
41,031,Jefferson,1780.785
41,037,Lake,8138.984
41,045,Malheur,9887.532
41,049,Morrow,2031.609
41,053,Polk,740.787
41,057,Tillamook,1102.58
42,009,Bedford,1012.296
42,011,Berks,856.506
42,013,Blair,525.8
42,019,Butler,788.604
42,021,Cambria,688.351
42,025,Carbon,381.46
42,035,Clinton,887.984
42,037,Columbia,483.108
42,039,Crawford,1012.298
42,047,Elk,827.358
42,053,Forest,427.185
42,057,Fulton,437.551
42,063,Indiana,827.03
42,065,Jefferson,652.429
42,067,Juniata,391.35
42,069,Lackawanna,459.078
42,073,Lawrence,358.175
42,075,Lebanon,361.833
42,077,Lehigh,345.166
42,079,Luzerne,890.333
42,001,Adams,518.668
42,003,Allegheny,730.075
42,005,Armstrong,653.203
42,007,Beaver,434.712
42,015,Bradford,1147.399
42,017,Bucks,604.307
42,027,Centre,1109.921
42,029,Chester,750.508
42,031,Clarion,600.834
42,033,Clearfield,1144.722
42,041,Cumberland,545.459
42,043,Dauphin,525.047
42,045,Delaware,183.843
42,049,Erie,799.154
42,051,Fayette,790.339
42,055,Franklin,772.224
42,059,Greene,575.949
42,061,Huntingdon,874.639
42,071,Lancaster,943.81
42,083,McKean,979.197
42,089,Monroe,608.286
42,091,Montgomery,483.04
42,095,Northampton,369.671
42,097,Northumberland,458.368
42,099,Perry,551.445
42,101,Philadelphia,134.101
42,103,Pike,544.961
42,111,Somerset,1074.374
42,123,Warren,884.135
42,125,Washington,856.989
42,127,Wayne,725.604
42,129,Westmoreland,1027.554
42,133,York,904.181
42,081,Lycoming,1228.594
42,085,Mercer,672.575
42,087,Mifflin,411.031
42,093,Montour,130.242
42,105,Potter,1081.323
42,107,Schuylkill,778.634
42,109,Snyder,328.705
42,023,Cameron,396.231
42,113,Sullivan,449.94
42,115,Susquehanna,823.435
42,117,Tioga,1133.788
42,119,Union,315.982
42,121,Venango,674.284
42,131,Wyoming,397.324
44,001,Bristol,24.164
44,003,Kent,168.528
44,005,Newport,102.386
44,007,Providence,409.502
44,009,Washington,329.235
45,021,Cherokee,392.659
45,033,Dillon,404.872
45,037,Edgefield,500.406
45,039,Fairfield,686.277
45,047,Greenwood,454.726
45,055,Kershaw,726.562
45,059,Laurens,713.804
45,065,McCormick,359.13
45,069,Marlboro,479.674
45,075,Orangeburg,1106.101
45,079,Richland,757.068
45,081,Saluda,452.778
45,091,York,680.595
45,023,Chester,580.657
45,001,Abbeville,490.484
45,003,Aiken,1071.034
45,005,Allendale,408.09
45,007,Anderson,715.426
45,009,Bamberg,393.37
45,011,Barnwell,548.393
45,013,Beaufort,576.28
45,015,Berkeley,1098.857
45,017,Calhoun,381.151
45,019,Charleston,916.089
45,025,Chesterfield,799.075
45,027,Clarendon,606.936
45,029,Colleton,1056.491
45,031,Darlington,561.153
45,035,Dorchester,573.233
45,041,Florence,799.964
45,043,Georgetown,813.547
45,045,Greenville,785.12
45,049,Hampton,559.896
45,051,Horry,1133.896
45,053,Jasper,655.318
45,057,Lancaster,549.16
45,061,Lee,410.184
45,063,Lexington,698.913
45,067,Marion,489.227
45,071,Newberry,630.037
45,073,Oconee,626.334
45,077,Pickens,496.407
45,083,Spartanburg,807.926
45,085,Sumter,665.066
45,087,Union,514.171
45,089,Williamsburg,934.159
46,013,Brown,1712.981
46,015,Brule,817.24
46,019,Butte,2249.899
46,021,Campbell,733.677
46,025,Clark,957.604
46,027,Clay,412.185
46,029,Codington,688.495
46,031,Corson,2469.692
46,033,Custer,1557.002
46,037,Day,1027.868
46,039,Deuel,622.686
46,043,Douglas,431.802
46,045,Edmunds,1125.956
46,047,Fall River,1739.915
46,049,Faulk,981.75
46,051,Grant,681.458
46,053,Gregory,1014.957
46,059,Hand,1436.613
46,061,Hanson,434.513
46,063,Harding,2671.375
46,065,Hughes,741.56
46,067,Hutchinson,812.904
46,071,Jackson,1863.914
46,073,Jerauld,526.233
46,077,Kingsbury,832.236
46,079,Lake,563.277
46,081,Lawrence,800.035
46,083,Lincoln,577.279
46,003,Aurora,708.425
46,005,Beadle,1258.71
46,007,Bennett,1184.709
46,009,Bon Homme,563.701
46,011,Brookings,792.206
46,017,Buffalo,471.384
46,023,Charles Mix,1097.487
46,035,Davison,435.555
46,041,Dewey,2302.494
46,055,Haakon,1810.534
46,069,Hyde,860.524
46,075,Jones,969.678
46,085,Lyman,1641.936
46,093,Meade,3470.984
46,095,Mellette,1307.306
46,103,Pennington,2776.553
46,111,Sanborn,569.321
46,117,Stanley,1444.432
46,123,Tripp,1612.446
46,125,Turner,617.057
46,137,Ziebach,1961.272
46,109,Roberts,1101.041
46,113,Shannon,2093.898
46,115,Spink,1503.925
46,119,Sully,1006.817
46,121,Todd,1388.556
46,127,Union,460.542
46,129,Walworth,708.63
46,135,Yankton,521.164
46,057,Hamlin,507.231
46,087,McCook,574.204
46,089,McPherson,1136.644
46,091,Marshall,838.066
46,097,Miner,570.311
46,099,Minnehaha,807.147
46,101,Moody,519.386
46,105,Perkins,2870.478
46,107,Potter,861.14
47,067,Hancock,222.34
47,071,Hardin,577.318
47,075,Haywood,533.112
47,077,Henderson,520.073
47,083,Houston,200.286
47,001,Anderson,337.162
47,003,Bedford,473.635
47,005,Benton,394.142
47,009,Blount,558.706
47,013,Campbell,480.191
47,019,Carter,341.203
47,021,Cheatham,302.437
47,025,Claiborne,434.58
47,029,Cocke,434.565
47,031,Coffee,428.957
47,033,Crockett,265.535
47,035,Cumberland,681.025
47,037,Davidson,504.033
47,041,DeKalb,304.347
47,049,Fentress,498.612
47,053,Gibson,602.742
47,055,Giles,610.927
47,057,Grainger,280.6
47,059,Greene,622.165
47,063,Hamblen,161.179
47,065,Hamilton,542.431
47,069,Hardeman,667.768
47,073,Hawkins,486.975
47,079,Henry,562.096
47,081,Hickman,612.499
47,085,Humphreys,530.98
47,089,Jefferson,274.078
47,091,Johnson,298.475
47,093,Knox,508.215
47,097,Lauderdale,471.992
47,105,Loudon,229.216
47,107,McMinn,430.125
47,117,Marshall,375.46
47,119,Maury,613.138
47,121,Meigs,195.122
47,123,Monroe,635.565
47,127,Moore,129.223
47,129,Morgan,522.18
47,135,Perry,414.731
47,141,Putnam,401.103
47,143,Rhea,315.377
47,145,Roane,360.708
47,149,Rutherford,619.364
47,151,Scott,532.297
47,155,Sevier,592.5
47,159,Smith,314.289
47,163,Sullivan,413.363
47,165,Sumner,529.449
47,167,Tipton,458.366
47,183,Weakley,580.364
47,185,White,376.673
47,187,Williamson,582.599
47,189,Wilson,570.826
47,007,Bledsoe,406.425
47,011,Bradley,328.762
47,015,Cannon,265.635
47,017,Carroll,599.252
47,023,Chester,285.736
47,027,Clay,236.536
47,039,Decatur,333.845
47,043,Dickson,489.896
47,045,Dyer,512.327
47,047,Fayette,704.786
47,051,Franklin,554.542
47,061,Grundy,360.534
47,147,Robertson,476.287
47,153,Sequatchie,265.858
47,157,Shelby,763.174
47,161,Stewart,459.33
47,087,Jackson,308.32
47,095,Lake,165.784
47,099,Lawrence,617.128
47,101,Lewis,282.089
47,103,Lincoln,570.338
47,109,McNairy,562.86
47,111,Macon,307.144
47,113,Madison,557.117
47,115,Marion,498.16
47,125,Montgomery,539.177
47,131,Obion,544.728
47,133,Overton,433.483
47,137,Pickett,162.979
47,139,Polk,434.676
47,169,Trousdale,114.193
47,171,Unicoi,186.165
47,173,Union,223.549
47,175,Van Buren,273.415
47,177,Warren,432.68
47,179,Washington,326.465
47,181,Wayne,734.1
48,185,Grimes,787.459
48,189,Hale,1004.683
48,191,Hall,883.492
48,199,Hardin,890.567
48,201,Harris,1703.478
48,203,Harrison,899.951
48,211,Hemphill,906.286
48,213,Henderson,873.748
48,223,Hopkins,767.174
48,225,Houston,1230.909
48,233,Hutchinson,887.419
48,241,Jasper,938.845
48,243,Jeff Davis,2264.555
48,261,Kenedy,1458.329
48,263,Kent,902.507
48,269,King,910.872
48,273,Kleberg,881.308
48,277,Lamar,907.19
48,287,Lee,629.016
48,289,Leon,1073.151
48,295,Lipscomb,932.179
48,301,Loving,668.925
48,311,McMullen,1139.426
48,313,Madison,466.065
48,321,Matagorda,1100.276
48,327,Menard,902.03
48,333,Mills,748.261
48,339,Montgomery,1041.735
48,341,Moore,899.691
48,343,Morris,251.985
48,347,Nacogdoches,946.537
48,349,Navarro,1009.627
48,355,Nueces,838.482
48,217,Hill,958.864
48,219,Hockley,908.392
48,221,Hood,420.641
48,227,Howard,900.791
48,229,Hudspeth,4570.983
48,231,Hunt,840.318
48,235,Irion,1051.563
48,237,Jack,910.662
48,367,Parker,903.478
48,371,Pecos,4763.847
48,373,Polk,1057.093
48,379,Rains,229.452
48,383,Reagan,1175.301
48,387,Red River,1036.578
48,391,Refugio,770.444
48,405,San Augustine,530.657
48,407,San Jacinto,569.243
48,409,San Patricio,693.451
48,411,San Saba,1135.297
48,419,Shelby,795.583
48,423,Smith,921.454
48,425,Somervell,186.463
48,435,Sutton,1453.926
48,443,Terrell,2358.026
48,447,Throckmorton,912.552
48,453,Travis,990.202
48,455,Trinity,693.608
48,457,Tyler,924.501
48,467,Van Zandt,842.557
48,469,Victoria,882.143
48,473,Waller,513.43
48,475,Ward,835.602
48,481,Wharton,1086.15
48,491,Williamson,1118.303
48,495,Winkler,841.107
48,499,Wood,645.234
48,507,Zavala,1297.406
48,183,Gregg,273.303
48,193,Hamilton,835.914
48,195,Hansford,919.81
48,197,Hardeman,695.114
48,205,Hartley,1462.033
48,207,Haskell,903.131
48,209,Hays,677.978
48,215,Hidalgo,1570.865
48,001,Anderson,1062.602
48,003,Andrews,1500.713
48,005,Angelina,797.778
48,007,Aransas,252.074
48,011,Armstrong,909.109
48,015,Austin,646.508
48,023,Baylor,867.482
48,025,Bee,880.239
48,029,Bexar,1239.82
48,035,Bosque,982.978
48,037,Bowie,885.006
48,039,Brazoria,1357.701
48,041,Brazos,585.445
48,051,Burleson,659.026
48,055,Caldwell,545.257
48,057,Calhoun,506.84
48,063,Camp,195.826
48,067,Cass,936.963
48,071,Chambers,597.137
48,073,Cherokee,1052.913
48,079,Cochran,775.15
48,083,Coleman,1261.946
48,091,Comal,559.476
48,101,Cottle,900.563
48,103,Crane,785.069
48,105,Crockett,2807.327
48,113,Dallas,871.279
48,119,Delta,256.825
48,125,Dickens,901.724
48,127,Dimmit,1328.884
48,135,Ector,897.687
48,153,Floyd,992.143
48,155,Foard,704.397
48,157,Fort Bend,861.481
48,161,Freestone,877.739
48,167,Galveston,378.358
48,173,Glasscock,900.218
48,175,Goliad,852.014
48,305,Lynn,891.867
48,307,McCulloch,1065.598
48,309,McLennan,1037.101
48,315,Marion,380.88
48,317,Martin,914.944
48,319,Mason,928.803
48,323,Maverick,1279.258
48,239,Jackson,829.435
48,245,Jefferson,876.295
48,247,Jim Hogg,1136.138
48,249,Jim Wells,864.966
48,251,Johnson,724.692
48,253,Jones,928.554
48,255,Karnes,747.556
48,257,Kaufman,780.699
48,259,Kendall,662.453
48,265,Kerr,1103.318
48,267,Kimble,1250.987
48,271,Kinney,1360.055
48,275,Knox,850.621
48,279,Lamb,1016.181
48,281,Lampasas,712.84
48,283,La Salle,1486.691
48,285,Lavaca,969.708
48,291,Liberty,1158.417
48,293,Limestone,905.288
48,297,Live Oak,1039.696
48,299,Llano,934.034
48,303,Lubbock,895.599
48,403,Sabine,491.39
48,413,Schleicher,1310.63
48,415,Scurry,905.444
48,417,Shackelford,914.286
48,421,Sherman,923.035
48,427,Starr,1223.179
48,429,Stephens,896.719
48,431,Sterling,923.451
48,433,Stonewall,916.313
48,437,Swisher,890.159
48,325,Medina,1325.356
48,329,Midland,900.299
48,331,Milam,1016.93
48,335,Mitchell,911.09
48,337,Montague,930.906
48,345,Motley,989.562
48,351,Newton,933.677
48,353,Nolan,911.997
48,357,Ochiltree,917.627
48,359,Oldham,1500.533
48,361,Orange,333.669
48,363,Palo Pinto,951.791
48,365,Panola,801.749
48,369,Parmer,880.778
48,375,Potter,908.37
48,377,Presidio,3855.237
48,381,Randall,911.544
48,385,Real,699.195
48,393,Roberts,924.058
48,397,Rockwall,127.036
48,399,Runnels,1050.945
48,401,Rusk,924.027
48,439,Tarrant,863.608
48,441,Taylor,915.552
48,445,Terry,888.839
48,449,Titus,406.054
48,451,Tom Green,1521.972
48,459,Upshur,582.947
48,461,Upton,1241.324
48,463,Uvalde,1551.946
48,465,Val Verde,3144.75
48,471,Walker,784.169
48,497,Wise,904.422
48,501,Yoakum,799.708
48,503,Young,914.468
48,505,Zapata,998.412
48,009,Archer,903.11
48,013,Atascosa,1219.544
48,017,Bailey,826.797
48,019,Bandera,790.961
48,479,Webb,3361.482
48,483,Wheeler,914.523
48,485,Wichita,627.776
48,487,Wilbarger,970.844
48,489,Willacy,590.554
48,493,Wilson,803.733
48,097,Cooke,874.759
48,099,Coryell,1052.066
48,107,Crosby,900.198
48,109,Culberson,3812.798
48,111,Dallam,1503.259
48,115,Dawson,900.306
48,117,Deaf Smith,1496.868
48,121,Denton,878.432
48,123,DeWitt,908.975
48,021,Bastrop,888.15
48,027,Bell,1051.016
48,031,Blanco,709.251
48,033,Borden,897.443
48,043,Brewster,6183.733
48,045,Briscoe,900.001
48,047,Brooks,943.364
48,049,Brown,944.433
48,053,Burnet,994.258
48,059,Callahan,899.372
48,065,Carson,920.22
48,069,Castro,894.434
48,075,Childress,696.405
48,077,Clay,1088.721
48,081,Coke,911.47
48,085,Collin,841.225
48,087,Collingsworth,918.441
48,089,Colorado,960.274
48,093,Comanche,937.754
48,095,Concho,983.799
48,129,Donley,926.886
48,131,Duval,1793.481
48,133,Eastland,926.491
48,137,Edwards,2117.858
48,141,El Paso,1012.693
48,143,Erath,1083.071
48,145,Falls,765.483
48,147,Fannin,890.837
48,149,Fayette,950.008
48,151,Fisher,898.941
48,159,Franklin,284.391
48,163,Frio,1133.5
48,165,Gaines,1502.375
48,169,Garza,893.412
48,171,Gillespie,1058.214
48,177,Gonzales,1066.688
48,179,Gray,925.974
48,181,Grayson,932.804
48,395,Robertson,855.683
48,477,Washington,603.954
48,139,Ellis,935.487
48,061,Cameron,890.922
48,389,Reeves,2635.375
48,187,Guadalupe,711.3
49,027,Millard,6572.425
49,033,Rich,1028.775
49,037,San Juan,7819.988
49,039,Sanpete,1590.152
49,041,Sevier,1910.577
49,053,Washington,2426.358
49,055,Wayne,2460.676
49,045,Tooele,6941.352
49,001,Beaver,2589.88
49,003,Box Elder,5745.551
49,005,Cache,1164.813
49,007,Carbon,1478.493
49,009,Daggett,696.979
49,011,Davis,298.778
49,013,Duchesne,3240.945
49,015,Emery,4462.314
49,017,Garfield,5175.121
49,019,Grand,3671.543
49,021,Iron,3296.681
49,023,Juab,3392.278
49,025,Kane,3990.229
49,029,Morgan,609.196
49,031,Piute,757.791
49,035,Salt Lake,742.282
49,043,Summit,1871.712
49,047,Uintah,4479.693
49,049,Utah,2003.454
49,051,Wasatch,1175.501
49,057,Weber,576.084
50,015,Lamoille,458.797
50,017,Orange,687.033
50,019,Orleans,693.268
50,021,Rutland,929.821
50,023,Washington,687.233
50,025,Windham,785.305
50,027,Windsor,969.337
50,001,Addison,766.325
50,003,Bennington,674.98
50,005,Caledonia,648.864
50,007,Chittenden,536.578
50,009,Essex,663.598
50,011,Franklin,633.706
50,013,Grand Isle,81.811
51,021,Bland,357.725
51,025,Brunswick,566.173
51,035,Carroll,474.69
51,043,Clarke,176.177
51,045,Craig,329.534
51,049,Cumberland,297.461
51,065,Fluvanna,286.005
51,071,Giles,355.781
51,075,Goochland,281.415
51,077,Grayson,442.175
51,079,Greene,156.246
51,089,Henry,382.334
51,099,King George,179.636
51,001,Accomack,449.496
51,003,Albemarle,720.698
51,005,Alleghany,445.457
51,007,Amelia,355.269
51,009,Amherst,473.934
51,015,Augusta,966.999
51,017,Bath,529.158
51,019,Bedford,753.021
51,023,Botetourt,541.202
51,027,Buchanan,502.763
51,029,Buckingham,579.657
51,031,Campbell,503.867
51,033,Caroline,527.513
51,036,Charles City,182.817
51,037,Charlotte,475.271
51,041,Chesterfield,423.297
51,047,Culpeper,379.234
51,051,Dickenson,330.532
51,053,Dinwiddie,503.716
51,057,Essex,257.123
51,059,Fairfax,390.969
51,061,Fauquier,647.449
51,063,Floyd,380.42
51,067,Franklin,690.426
51,069,Frederick,413.496
51,073,Gloucester,217.807
51,081,Greensville,295.226
51,083,Halifax,817.839
51,085,Hanover,468.536
51,087,Henrico,233.697
51,091,Highland,415.156
51,093,Isle of Wight,315.612
51,095,James City,142.437
51,097,King and Queen,315.138
51,101,King William,273.941
51,107,Loudoun,515.561
51,111,Lunenburg,431.683
51,113,Madison,320.683
51,117,Mecklenburg,625.485
51,121,Montgomery,387.014
51,125,Nelson,470.856
51,127,New Kent,209.729
51,137,Orange,340.783
51,139,Page,310.856
51,141,Patrick,483.096
51,143,Pittsylvania,968.941
51,147,Prince Edward,349.96
51,161,Roanoke,250.518
51,163,Rockbridge,597.558
51,165,Rockingham,849.086
51,167,Russell,473.822
51,171,Shenandoah,508.776
51,175,Southampton,599.145
51,177,Spotsylvania,401.496
51,179,Stafford,268.956
51,185,Tazewell,518.846
51,191,Washington,560.975
51,193,Westmoreland,229.375
51,195,Wise,403.189
51,570,Colonial Heights,7.52
51,610,Falls Church,1.999
51,678,Lexington,2.497
51,720,Norton,7.481
51,790,Staunton,19.975
51,840,Winchester,9.233
51,105,Lee,435.518
51,013,Arlington,25.974
51,103,Lancaster,133.25
51,109,Louisa,496.3
51,115,Mathews,85.929
51,119,Middlesex,130.306
51,131,Northampton,211.612
51,133,Northumberland,191.295
51,135,Nottoway,314.392
51,145,Powhatan,260.221
51,149,Prince George,265.155
51,155,Pulaski,319.858
51,157,Rappahannock,266.227
51,159,Richmond,191.492
51,169,Scott,535.53
51,173,Smyth,450.928
51,181,Surry,278.949
51,183,Sussex,490.22
51,187,Warren,213.465
51,197,Wythe,461.824
51,199,York,104.78
51,510,Alexandria,15.027
51,515,Bedford,6.878
51,520,Bristol,13.013
51,530,Buena Vista,6.704
51,540,Charlottesville,10.238
51,550,Chesapeake,340.8
51,580,Covington,5.468
51,590,Danville,42.934
51,595,Emporia,6.894
51,600,Fairfax,6.239
51,620,Franklin,8.206
51,630,Fredericksburg,10.44
51,640,Galax,8.24
51,650,Hampton,51.413
51,660,Harrisonburg,17.418
51,670,Hopewell,10.278
51,680,Lynchburg,49.128
51,683,Manassas,9.881
51,685,Manassas Park,2.534
51,690,Martinsville,10.956
51,700,Newport News,68.714
51,710,Norfolk,54.12
51,730,Petersburg,22.932
51,735,Poquoson,15.317
51,740,Portsmouth,33.653
51,750,Radford,9.872
51,760,Richmond,59.805
51,770,Roanoke,42.562
51,775,Salem,14.437
51,800,Suffolk,400.168
51,810,Virginia Beach,249.016
51,820,Waynesboro,15.039
51,830,Williamsburg,9.022
51,153,Prince William,336.402
51,011,Appomattox,333.494
53,001,Adams,1924.978
53,003,Asotin,636.213
53,005,Benton,1700.379
53,007,Chelan,2920.525
53,009,Clallam,1738.329
53,011,Clark,629.004
53,013,Columbia,868.629
53,015,Cowlitz,1140.125
53,017,Douglas,1819.264
53,019,Ferry,2203.159
53,021,Franklin,1242.171
53,025,Grant,2679.513
53,027,Grays Harbor,1902.027
53,029,Island,208.449
53,031,Jefferson,1803.7
53,033,King,2115.566
53,035,Kitsap,394.941
53,041,Lewis,2402.802
53,043,Lincoln,2310.494
53,047,Okanogan,5267.978
53,049,Pacific,932.658
53,053,Pierce,1669.508
53,055,San Juan,173.915
53,057,Skagit,1731.203
53,061,Snohomish,2087.273
53,065,Stevens,2477.765
53,067,Thurston,721.961
53,071,Walla Walla,1270.129
53,073,Whatcom,2106.857
53,075,Whitman,2159.09
53,077,Yakima,4295.396
53,023,Garfield,710.686
53,039,Klickitat,1871.313
53,045,Mason,959.417
53,051,Pend Oreille,1399.989
53,059,Skamania,1655.677
53,063,Spokane,1763.791
53,069,Wahkiakum,263.375
53,037,Kittitas,2297.271
54,077,Preston,648.805
54,079,Putnam,345.669
54,089,Summers,360.46
54,091,Taylor,172.771
54,097,Upshur,354.638
54,001,Barbour,341.059
54,003,Berkeley,321.142
54,005,Boone,501.543
54,007,Braxton,510.812
54,009,Brooke,89.205
54,011,Cabell,281.018
54,013,Calhoun,279.249
54,015,Clay,341.902
54,019,Fayette,661.55
54,021,Gilmer,338.503
54,025,Greenbrier,1019.569
54,031,Hardy,582.312
54,033,Harrison,416.008
54,039,Kanawha,901.587
54,041,Lewis,384.895
54,043,Lincoln,437.039
54,045,Logan,453.737
54,057,Mineral,327.83
54,059,Mingo,423.109
54,067,Nicholas,646.824
54,071,Pendleton,696.049
54,075,Pocahontas,940.284
54,081,Raleigh,605.351
54,083,Randolph,1039.681
54,085,Ritchie,451.991
54,087,Roane,483.563
54,093,Tucker,418.922
54,095,Tyler,256.294
54,099,Wayne,505.981
54,103,Wetzel,358.063
54,109,Wyoming,499.453
54,017,Doddridge,319.72
54,023,Grant,477.373
54,027,Hampshire,640.249
54,029,Hancock,82.609
54,035,Jackson,464.348
54,037,Jefferson,209.635
54,047,McDowell,533.456
54,049,Marion,308.735
54,051,Marshall,305.431
54,053,Mason,430.748
54,055,Mercer,418.993
54,061,Monongalia,360.062
54,063,Monroe,472.752
54,065,Morgan,229.073
54,069,Ohio,105.82
54,073,Pleasants,130.103
54,101,Webster,553.468
54,105,Wirt,232.509
54,107,Wood,366.26
55,053,Jackson,987.72
55,055,Jefferson,556.474
55,059,Kenosha,271.99
55,061,Kewaunee,342.518
55,063,La Crosse,451.686
55,067,Langlade,870.64
55,001,Adams,645.646
55,003,Ashland,1045.035
55,005,Barron,862.711
55,007,Bayfield,1477.863
55,009,Brown,529.708
55,011,Buffalo,671.635
55,015,Calumet,318.236
55,029,Door,481.978
55,033,Dunn,850.105
55,043,Grant,1146.849
55,057,Juneau,766.925
55,065,Lafayette,633.588
55,075,Marinette,1399.347
55,083,Oconto,997.988
55,097,Portage,800.679
55,107,Rusk,913.585
55,111,Sauk,830.902
55,121,Trempealeau,732.965
55,137,Waushara,626.153
55,013,Burnett,821.848
55,017,Chippewa,1008.373
55,019,Clark,1209.815
55,021,Columbia,765.529
55,023,Crawford,570.66
55,025,Dane,1197.239
55,027,Dodge,875.625
55,031,Douglas,1304.136
55,035,Eau Claire,637.983
55,037,Florence,488.195
55,039,Fond du Lac,719.553
55,041,Forest,1014.067
55,045,Green,583.957
55,047,Green Lake,349.437
55,049,Iowa,762.58
55,051,Iron,758.174
55,109,St. Croix,722.329
55,113,Sawyer,1257.305
55,115,Shawano,893.057
55,117,Sheboygan,511.265
55,119,Taylor,974.876
55,123,Vernon,791.579
55,069,Lincoln,878.973
55,071,Manitowoc,589.082
55,073,Marathon,1544.983
55,077,Marquette,455.602
55,078,Menominee,357.608
55,079,Milwaukee,241.402
55,081,Monroe,900.776
55,085,Oneida,1112.97
55,087,Outagamie,637.523
55,089,Ozaukee,233.077
55,091,Pepin,231.983
55,093,Pierce,573.748
55,095,Polk,913.962
55,099,Price,1254.376
55,101,Racine,332.501
55,103,Richland,586.151
55,105,Rock,718.142
55,125,Vilas,856.604
55,127,Walworth,555.127
55,129,Washburn,797.113
55,131,Washington,430.703
55,133,Waukesha,549.574
55,135,Waupaca,747.713
55,139,Winnebago,434.487
55,141,Wood,793.116
56,009,Converse,4254.883
56,001,Albany,4273.84
56,003,Big Horn,3137.097
56,005,Campbell,4802.709
56,007,Carbon,7897.578
56,011,Crook,2854.408
56,013,Fremont,9183.814
56,015,Goshen,2225.391
56,017,Hot Springs,2004.092
56,021,Laramie,2685.912
56,029,Park,6942.078
56,033,Sheridan,2523.993
56,035,Sublette,4886.537
56,039,Teton,3995.379
56,041,Uinta,2081.264
56,019,Johnson,4154.153
56,023,Lincoln,4076.129
56,025,Natrona,5340.352
56,027,Niobrara,2626.037
56,031,Platte,2084.208
56,037,Sweetwater,10426.649
56,043,Washakie,2238.549
56,045,Weston,2398.089
72,001,Adjuntas,66.69
72,013,Arecibo,125.947
72,023,Cabo Rojo,70.374
72,033,Cata√±o,4.845
72,037,Ceiba,29.035
72,049,Culebra,11.624
72,053,Fajardo,29.864
72,054,Florida,15.209
72,067,Hormigueros,11.344
72,095,Maunabo,21.066
72,097,Mayag√ºez,77.645
72,113,Ponce,114.762
72,127,San Juan,47.847
72,135,Toa Alta,27.016
72,141,Utuado,113.529
72,041,Cidra,36.021
72,043,Coamo,78.012
72,045,Comer√≠o,28.401
72,047,Corozal,42.573
72,051,Dorado,23.089
72,055,Gu√°nica,37.05
72,003,Aguada,30.851
72,005,Aguadilla,36.529
72,007,Aguas Buenas,30.085
72,009,Aibonito,31.311
72,011,A√±asco,39.285
72,015,Arroyo,15.008
72,017,Barceloneta,18.693
72,019,Barranquitas,34.253
72,021,Bayam√≥n,44.324
72,025,Caguas,58.597
72,027,Camuy,46.355
72,029,Can√≥vanas,32.865
72,031,Carolina,45.321
72,035,Cayey,51.934
72,039,Ciales,66.529
72,089,Luquillo,25.811
72,091,Manat√≠,45.128
72,093,Maricao,36.623
72,099,Moca,50.344
72,101,Morovis,38.871
72,103,Naguabo,51.661
72,057,Guayama,64.992
72,059,Guayanilla,42.27
72,061,Guaynabo,27.579
72,063,Gurabo,27.887
72,065,Hatillo,41.781
72,069,Humacao,44.755
72,071,Isabela,55.304
72,073,Jayuya,44.533
72,075,Juana D√≠az,60.277
72,077,Juncos,26.489
72,079,Lajas,59.953
72,081,Lares,61.45
72,083,Las Mar√≠as,46.36
72,085,Las Piedras,33.88
72,087,Lo√≠za,19.366
72,143,Vega Alta,27.728
72,145,Vega Baja,45.856
72,147,Vieques,50.768
72,149,Villalba,35.637
72,151,Yabucoa,55.215
72,105,Naranjito,27.401
72,107,Orocovis,63.62
72,109,Patillas,46.699
72,111,Pe√±uelas,44.617
72,115,Quebradillas,22.683
72,117,Rinc√≥n,14.288
72,119,R√≠o Grande,60.623
72,121,Sabana Grande,35.833
72,123,Salinas,69.365
72,125,San Germ√°n,54.498
72,129,San Lorenzo,53.108
72,131,San Sebasti√°n,70.423
72,133,Santa Isabel,34.023
72,137,Toa Baja,23.241
72,139,Trujillo Alto,20.764
72,153,Yauco,68.192
